Record_ID,Camera_Node,Location_Name,GPS_Latitude,GPS_Longitude,Timestamp_IST,Vehicle_Classification,Detected_Make,Detected_Model,License_Plate,ANPR_Confidence_Pct,Vehicle_Color,Sharpness_Index,Sec65B_Integrity_Hash
11,CAM-016,Visat T Junction P2 RLVD,23.0984,72.5841,2026-09-02 20:43:32.630731,Truck,Tata,Prima 4028,GJ05XY9012,89.6%,Blue,203.7,SHA256:2E9C3E5F8AEF90A0
37,CAM-016,Visat T Junction P2 RLVD,23.0984,72.5841,2026-09-01 18:32:44.276290,Car,Tata,Nexon,GJ01OP6789,85.9%,Silver/Grey,236.8,SHA256:5DA4C5185190EA69
56,CAM-016,Visat T Junction P2 RLVD,23.0984,72.5841,2026-09-01 21:17:50.648484,Bus,Eicher,Starline 2070,GJ05WX2345,89.9%,Maroon/Dark,368.4,SHA256:058D2389B64512E7
68,CAM-016,Visat T Junction P2 RLVD,23.0984,72.5841,2026-09-02 15:57:04.362363,Car,Kia,Seltos,MP09IJ6789,89.1%,Silver/Grey,291.5,SHA256:C70F191262189681
155,CAM-016,Visat T Junction P2 RLVD,23.0984,72.5841,2026-09-01 04:26:27.953985,Scooter,Royal Enfield,Classic 350,GJ28MN2345,92.5%,Blue,263.0,SHA256:F6B7D9F10CD635C1
179,CAM-016,Visat T Junction P2 RLVD,23.0984,72.5841,2026-09-01 11:08:30.824518,Auto Rickshaw,Mahindra,Treo,GJ18UV8901,88.2%,Yellow,157.4,SHA256:F6B9E9F01AFCBE90
191,CAM-016,Visat T Junction P2 RLVD,23.0984,72.5841,2026-09-01 11:53:17.682973,Car,Toyota,Fortuner,GJ01AB1234,95.2%,White,271.9,SHA256:1B60767190971E13
193,CAM-016,Visat T Junction P2 RLVD,23.0984,72.5841,2026-09-01 20:04:55.106540,Bus,Ashok Leyland,Viking Transit,GJ01TU0123,97.4%,Maroon/Dark,189.4,SHA256:8550EA41A37338E3
297,CAM-016,Visat T Junction P2 RLVD,23.0984,72.5841,2026-09-02 16:03:35.417705,Car,Hyundai,Creta,GJ01CD5678,90.4%,Silver/Grey,378.2,SHA256:2496929746F1D323
329,CAM-016,Visat T Junction P2 RLVD,23.0984,72.5841,2026-09-01 06:14:49.020520,SUV,Mahindra,Scorpio-N,GJ03MN7890,76.2%,Black,325.5,SHA256:C032487268C71E59
330,CAM-016,Visat T Junction P2 RLVD,23.0984,72.5841,2026-09-02 20:34:22.239700,Bus,Eicher,Starline 2070,GJ05WX2345,79.1%,Maroon/Dark,249.7,SHA256:F9D5D3FAC714AFD5
406,CAM-016,Visat T Junction P2 RLVD,23.0984,72.5841,2026-09-02 06:28:27.104300,Truck,Tata,Prima 4028,GJ05XY9012,75.1%,Blue,263.9,SHA256:8D7AA328461C76CC
464,CAM-016,Visat T Junction P2 RLVD,23.0984,72.5841,2026-09-01 02:48:08.627018,Car,Toyota,Innova Crysta,GJ05VW4567,97.3%,Silver/Grey,177.6,SHA256:7B5D163C450E3099
479,CAM-016,Visat T Junction P2 RLVD,23.0984,72.5841,2026-09-02 21:19:02.807478,Car,Unknown,Vehicle,UNREADABLE-CAM-016-80250,40.3%,White,27.9,SHA256:03C1E41F4FB381DC
480,CAM-016,Visat T Junction P2 RLVD,23.0984,72.5841,2026-09-02 21:19:02.810004,Car,Unknown,Vehicle,UNREADABLE-CAM-016-91538,50.0%,Blue,1234.1,SHA256:DE4BF3C476A8BF5F
503,CAM-016,Visat T Junction P2 RLVD,23.0984,72.5841,2026-09-02 21:19:59.980570,Car,Unknown,Vehicle,UNREADABLE-CAM-016-31848,52.0%,Blue,905.2,SHA256:A9ACECC4AC79D790
504,CAM-016,Visat T Junction P2 RLVD,23.0984,72.5841,2026-09-02 21:19:59.982901,Car,Unknown,Vehicle,UNREADABLE-CAM-016-99874,39.1%,White,46.5,SHA256:EE8F46B72FA190A9
505,CAM-016,Visat T Junction P2 RLVD,23.0984,72.5841,2026-09-02 21:19:59.984245,Car,Unknown,Vehicle,UNREADABLE-CAM-016-60718,45.8%,Blue,648.9,SHA256:0D9602A13F596BC9
528,CAM-016,Visat T Junction P2 RLVD,23.0984,72.5841,2026-09-02 21:20:56.659036,Car,Unknown,Vehicle,UNREADABLE-CAM-016-57933,41.8%,White,58.8,SHA256:55A8E89A0A287AE1
529,CAM-016,Visat T Junction P2 RLVD,23.0984,72.5841,2026-09-02 21:20:56.661536,Car,Unknown,Vehicle,UNREADABLE-CAM-016-43575,52.5%,Blue,613.1,SHA256:896912BBE3F736A3
559,CAM-016,Visat T Junction P2 RLVD,23.0984,72.5841,2026-09-02 21:21:54.572333,Car,Unknown,Vehicle,UNREADABLE-CAM-016-15979,46.7%,White,147.3,SHA256:2007EE6BC7BDEFDF
560,CAM-016,Visat T Junction P2 RLVD,23.0984,72.5841,2026-09-02 21:21:54.574460,Car,Unknown,Vehicle,UNREADABLE-CAM-016-18025,48.3%,Blue,808.8,SHA256:8537C17682B28878
561,CAM-016,Visat T Junction P2 RLVD,23.0984,72.5841,2026-09-02 21:21:54.575945,Car,Unknown,Vehicle,UNREADABLE-CAM-016-63427,48.2%,Blue,529.9,SHA256:8B00D7BEC21FD71A
586,CAM-016,Visat T Junction P2 RLVD,23.0984,72.5841,2026-09-02 21:22:53.314008,Car,Unknown,Vehicle,UNREADABLE-CAM-016-21825,51.6%,White,286.2,SHA256:13C90FD0DE4BBA4E
587,CAM-016,Visat T Junction P2 RLVD,23.0984,72.5841,2026-09-02 21:22:53.316347,Motorcycle,Unknown,Vehicle,UNREADABLE-CAM-016-93557,40.2%,Silver/Grey,243.9,SHA256:9C964769FB779446
588,CAM-016,Visat T Junction P2 RLVD,23.0984,72.5841,2026-09-02 21:22:53.320139,Car,Unknown,Vehicle,UNREADABLE-CAM-016-63095,46.8%,Blue,610.5,SHA256:6352F837F0DDB65E
615,CAM-016,Visat T Junction P2 RLVD,23.0984,72.5841,2026-09-02 21:23:53.484362,Car,Unknown,Vehicle,UNREADABLE-CAM-016-14213,51.4%,White,333.5,SHA256:7CC9FFDFAACC0844
616,CAM-016,Visat T Junction P2 RLVD,23.0984,72.5841,2026-09-02 21:23:53.487183,Motorcycle,Unknown,Vehicle,UNREADABLE-CAM-016-80657,44.7%,Blue,233.1,SHA256:E16D43F46823F9D5
617,CAM-016,Visat T Junction P2 RLVD,23.0984,72.5841,2026-09-02 21:23:53.490559,Car,Unknown,Vehicle,UNREADABLE-CAM-016-72382,39.4%,Silver/Grey,105.3,SHA256:23ED04B6482DA7CA
618,CAM-016,Visat T Junction P2 RLVD,23.0984,72.5841,2026-09-02 21:23:53.491697,Car,Unknown,Vehicle,UNREADABLE-CAM-016-97277,43.8%,Blue,264.1,SHA256:54E1E274415E97BD
640,CAM-016,Visat T Junction P2 RLVD,23.0984,72.5841,2026-09-02 21:24:53.497115,Motorcycle,Unknown,Vehicle,UNREADABLE-CAM-016-10715,37.9%,Blue,271.4,SHA256:8967204DBC9CA45D
641,CAM-016,Visat T Junction P2 RLVD,23.0984,72.5841,2026-09-02 21:24:53.502293,Car,Unknown,Vehicle,UNREADABLE-CAM-016-76705,42.1%,Blue,211.2,SHA256:8DDB10B7033B4160
675,CAM-016,Visat T Junction P2 RLVD,23.0984,72.5841,2026-09-02 21:25:54.999673,Car,Unknown,Vehicle,UNREADABLE-CAM-016-99683,49.3%,Blue,1202.9,SHA256:2146AD64043AB1F5
676,CAM-016,Visat T Junction P2 RLVD,23.0984,72.5841,2026-09-02 21:25:55.002175,Motorcycle,Unknown,Vehicle,UNREADABLE-CAM-016-42088,41.0%,Blue,236.2,SHA256:F5B9DFB78162E9AB
677,CAM-016,Visat T Junction P2 RLVD,23.0984,72.5841,2026-09-02 21:25:55.006175,Truck,Unknown,Vehicle,UNREADABLE-CAM-016-84204,45.7%,Blue,686.4,SHA256:1988F95E48A186A7
707,CAM-016,Visat T Junction P2 RLVD,23.0984,72.5841,2026-09-02 21:26:56.400784,Car,Unknown,Vehicle,UNREADABLE-CAM-016-96598,50.3%,White,695.2,SHA256:B904915CAB2BD16B
708,CAM-016,Visat T Junction P2 RLVD,23.0984,72.5841,2026-09-02 21:26:56.404859,Car,Unknown,Vehicle,UNREADABLE-CAM-016-14256,47.2%,Blue,957.0,SHA256:8AA8A96E448ABBC7
709,CAM-016,Visat T Junction P2 RLVD,23.0984,72.5841,2026-09-02 21:26:56.406496,Motorcycle,Unknown,Vehicle,UNREADABLE-CAM-016-52395,37.4%,Blue,157.4,SHA256:DC140DF13397E8A5
743,CAM-016,Visat T Junction P2 RLVD,23.0984,72.5841,2026-09-02 21:27:57.456339,Car,Unknown,Vehicle,UNREADABLE-CAM-016-38608,51.3%,White,605.9,SHA256:1D5E3E08995BAC26
744,CAM-016,Visat T Junction P2 RLVD,23.0984,72.5841,2026-09-02 21:27:57.460853,Car,Unknown,Vehicle,UNREADABLE-CAM-016-23983,47.2%,Blue,266.7,SHA256:3E8042EF8439A015
745,CAM-016,Visat T Junction P2 RLVD,23.0984,72.5841,2026-09-02 21:27:57.462866,Motorcycle,Unknown,Vehicle,UNREADABLE-CAM-016-88828,40.8%,Blue,219.1,SHA256:A6284BF0253D926E
776,CAM-016,Visat T Junction P2 RLVD,23.0984,72.5841,2026-09-02 21:28:58.321406,Car,Unknown,Vehicle,UNREADABLE-CAM-016-17009,52.9%,White,599.6,SHA256:FBA7FC603601768D
777,CAM-016,Visat T Junction P2 RLVD,23.0984,72.5841,2026-09-02 21:28:58.324991,Motorcycle,Unknown,Vehicle,UNREADABLE-CAM-016-82506,41.5%,Blue,265.6,SHA256:C1120DFD69A8BA61
796,CAM-016,Visat T Junction P2 RLVD,23.0984,72.5841,2026-09-02 21:29:58.389683,Car,Unknown,Vehicle,UNREADABLE-CAM-016-64018,52.6%,White,612.2,SHA256:4779A3D71038E25C
797,CAM-016,Visat T Junction P2 RLVD,23.0984,72.5841,2026-09-02 21:29:58.393643,Motorcycle,Unknown,Vehicle,UNREADABLE-CAM-016-44853,36.4%,Blue,215.4,SHA256:1746388F12295CBA
815,CAM-016,Visat T Junction P2 RLVD,23.0984,72.5841,2026-09-02 21:30:58.033146,Car,Unknown,Vehicle,UNREADABLE-CAM-016-35981,51.5%,White,513.5,SHA256:521314A10C1B32A9
816,CAM-016,Visat T Junction P2 RLVD,23.0984,72.5841,2026-09-02 21:30:58.036518,Motorcycle,Unknown,Vehicle,UNREADABLE-CAM-016-11860,40.5%,Blue,237.5,SHA256:FBF4A07F0595DDD0
834,CAM-016,Visat T Junction P2 RLVD,23.0984,72.5841,2026-09-02 21:31:57.203853,Car,Unknown,Vehicle,UNREADABLE-CAM-016-69484,50.3%,White,590.9,SHA256:E4438F2FD0ECDB57
844,CAM-016,Visat T Junction P2 RLVD,23.0984,72.5841,2026-09-02 21:32:53.651213,Car,Unknown,Vehicle,UNREADABLE-CAM-016-38573,50.6%,White,644.7,SHA256:7E09261C2587834C
852,CAM-016,Visat T Junction P2 RLVD,23.0984,72.5841,2026-09-02 21:33:50.764237,Motorcycle,Unknown,Vehicle,UNREADABLE-CAM-016-47603,39.3%,Blue,225.7,SHA256:65BFDA627DFD865A
862,CAM-016,Visat T Junction P2 RLVD,23.0984,72.5841,2026-09-02 21:34:49.719556,Motorcycle,Unknown,Vehicle,UNREADABLE-CAM-016-88918,36.8%,Blue,229.4,SHA256:565155EFB4128BA2
872,CAM-016,Visat T Junction P2 RLVD,23.0984,72.5841,2026-09-02 21:35:48.408986,Motorcycle,Unknown,Vehicle,UNREADABLE-CAM-016-65167,39.2%,Blue,200.4,SHA256:E2EEB00249936A0C
883,CAM-016,Visat T Junction P2 RLVD,23.0984,72.5841,2026-09-02 21:36:47.268955,Motorcycle,Unknown,Vehicle,UNREADABLE-CAM-016-54276,37.0%,Silver/Grey,192.1,SHA256:8F0757D008E197CA
930,CAM-016,Visat T Junction P2 RLVD,23.0984,72.5841,2026-09-02 21:39:40.259177,Car,Unknown,Vehicle,UNREADABLE-CAM-016-12821,49.0%,Silver/Grey,567.1,SHA256:026CD0C2BA659BD4
931,CAM-016,Visat T Junction P2 RLVD,23.0984,72.5841,2026-09-02 21:39:40.260850,Car,Unknown,Vehicle,UNREADABLE-CAM-016-62433,46.8%,Silver/Grey,503.0,SHA256:5DBFB303CA8DCAC5
989,CAM-016,Visat T Junction P2 RLVD,23.0984,72.5841,2026-09-02 21:46:16.187531,Car,Unknown,Vehicle,UNREADABLE-CAM-016-24541,38.1%,White,133.3,SHA256:E022FC7177FCED70
990,CAM-016,Visat T Junction P2 RLVD,23.0984,72.5841,2026-09-02 21:46:16.189668,Motorcycle,Unknown,Vehicle,UNREADABLE-CAM-016-70587,34.8%,Green,53.7,SHA256:A49AFBE7643C2612
1022,CAM-016,Visat T Junction P2 RLVD,23.0984,72.5841,2026-09-02 21:48:14.996408,Car,Unknown,Vehicle,UNREADABLE-CAM-016-55463,49.8%,Silver/Grey,854.9,SHA256:D9CE2E72ACDFBE1C
1038,CAM-016,Visat T Junction P2 RLVD,23.0984,72.5841,2026-09-02 21:49:11.147993,Car,Unknown,Vehicle,UNREADABLE-CAM-016-61302,46.4%,Silver/Grey,580.1,SHA256:2BFEABBBD1C7BD1C
1056,CAM-016,Visat T Junction P2 RLVD,23.0984,72.5841,2026-09-02 21:50:07.393182,Car,Unknown,Vehicle,UNREADABLE-CAM-016-21084,46.2%,Silver/Grey,458.6,SHA256:FBA30D38086AB2A2
1057,CAM-016,Visat T Junction P2 RLVD,23.0984,72.5841,2026-09-02 21:50:07.395404,Car,Unknown,Vehicle,UNREADABLE-CAM-016-86103,44.7%,Silver/Grey,557.3,SHA256:868CACE505A51C7D
1070,CAM-016,Visat T Junction P2 RLVD,23.0984,72.5841,2026-09-02 21:51:03.208325,Car,Unknown,Vehicle,UNREADABLE-CAM-016-20411,47.9%,Silver/Grey,508.5,SHA256:F78CCC17AC37EEFA
1084,CAM-016,Visat T Junction P2 RLVD,23.0984,72.5841,2026-09-02 21:52:54.402450,Car,Unknown,Vehicle,UNREADABLE-CAM-016-44588,48.3%,White,613.3,SHA256:D0EA6CBC7631C4AF
1102,CAM-016,Visat T Junction P2 RLVD,23.0984,72.5841,2026-09-02 21:53:52.568351,Car,Unknown,Vehicle,UNREADABLE-CAM-016-74967,44.8%,White,740.4,SHA256:5945AB4230F09E79
1107,CAM-016,Visat T Junction P2 RLVD,23.0984,72.5841,2026-09-02 21:54:52.924381,Motorcycle,Unknown,Vehicle,UNREADABLE-CAM-016-40314,38.2%,Blue,128.9,SHA256:377A5585A67C03BA
1123,CAM-016,Visat T Junction P2 RLVD,23.0984,72.5841,2026-09-02 21:57:46.130624,Truck,Unknown,Vehicle,UNREADABLE-CAM-016-45392,49.0%,Silver/Grey,837.6,SHA256:A4DF922B61E9FD1C
1135,CAM-016,Visat T Junction P2 RLVD,23.0984,72.5841,2026-09-02 21:58:42.239080,Truck,Unknown,Vehicle,UNREADABLE-CAM-016-42035,45.4%,Silver/Grey,863.4,SHA256:51F5AA6489AED2C1
1150,CAM-016,Visat T Junction P2 RLVD,23.0984,72.5841,2026-09-02 21:59:38.529902,Truck,Unknown,Vehicle,UNREADABLE-CAM-016-63176,49.8%,Silver/Grey,774.2,SHA256:263BAD9DDE23D729
1160,CAM-016,Visat T Junction P2 RLVD,23.0984,72.5841,2026-09-02 22:00:37.458527,Motorcycle,Unknown,Vehicle,UNREADABLE-CAM-016-38930,44.5%,Blue,218.8,SHA256:33AB5D52A7392917
1179,CAM-016,Visat T Junction P2 RLVD,23.0984,72.5841,2026-09-02 22:01:41.849604,Motorcycle,Unknown,Vehicle,UNREADABLE-CAM-016-69263,44.2%,Blue,196.4,SHA256:AE02AF08EA00FF33
1200,CAM-016,Visat T Junction P2 RLVD,23.0984,72.5841,2026-09-02 22:02:42.720141,Car,Unknown,Vehicle,UNREADABLE-CAM-016-16691,49.8%,Blue,386.2,SHA256:A9A8638EF1B6B833
1201,CAM-016,Visat T Junction P2 RLVD,23.0984,72.5841,2026-09-02 22:02:42.724270,Motorcycle,Unknown,Vehicle,UNREADABLE-CAM-016-56411,39.7%,Blue,146.7,SHA256:58F38C6B90783469
1221,CAM-016,Visat T Junction P2 RLVD,23.0984,72.5841,2026-09-02 22:03:40.842048,Truck,Unknown,Vehicle,UNREADABLE-CAM-016-12000,48.2%,Blue,406.3,SHA256:46758700647C6933
1222,CAM-016,Visat T Junction P2 RLVD,23.0984,72.5841,2026-09-02 22:03:40.845078,Motorcycle,Unknown,Vehicle,UNREADABLE-CAM-016-33415,36.8%,Blue,329.8,SHA256:3B8D074601AF7148
1223,CAM-016,Visat T Junction P2 RLVD,23.0984,72.5841,2026-09-02 22:03:40.850029,Car,Unknown,Vehicle,UNREADABLE-CAM-016-15659,46.8%,Blue,430.2,SHA256:E8F87769A331A773
1246,CAM-016,Visat T Junction P2 RLVD,23.0984,72.5841,2026-09-02 22:04:39.562230,Motorcycle,Unknown,Vehicle,UNREADABLE-CAM-016-45199,43.5%,Blue,212.7,SHA256:FC6A4462FBDC125A
1247,CAM-016,Visat T Junction P2 RLVD,23.0984,72.5841,2026-09-02 22:04:39.568607,Car,Unknown,Vehicle,UNREADABLE-CAM-016-91465,48.7%,Blue,509.4,SHA256:AEE625F30EC942F1
1273,CAM-016,Visat T Junction P2 RLVD,23.0984,72.5841,2026-09-02 22:05:38.599704,Motorcycle,Unknown,Vehicle,UNREADABLE-CAM-016-16197,48.5%,Blue,231.8,SHA256:A6720549ED7337D1
1274,CAM-016,Visat T Junction P2 RLVD,23.0984,72.5841,2026-09-02 22:05:38.605621,Truck,Unknown,Vehicle,UNREADABLE-CAM-016-77116,47.5%,Blue,571.2,SHA256:2141FA32D0681C51
1275,CAM-016,Visat T Junction P2 RLVD,23.0984,72.5841,2026-09-02 22:05:38.607234,Car,Unknown,Vehicle,UNREADABLE-CAM-016-22208,45.6%,Blue,657.5,SHA256:611741D13AD6B09F
1294,CAM-016,Visat T Junction P2 RLVD,23.0984,72.5841,2026-09-02 22:06:38.290816,Car,Unknown,Vehicle,UNREADABLE-CAM-016-31086,47.2%,Blue,497.9,SHA256:D425D334C0D80D73
1295,CAM-016,Visat T Junction P2 RLVD,23.0984,72.5841,2026-09-02 22:06:38.295013,Motorcycle,Unknown,Vehicle,UNREADABLE-CAM-016-39404,29.8%,Blue,139.2,SHA256:C0875EDD0E907744
1314,CAM-016,Visat T Junction P2 RLVD,23.0984,72.5841,2026-09-02 22:07:47.835871,Motorcycle,Unknown,Vehicle,UNREADABLE-CAM-016-90338,36.9%,Blue,90.8,SHA256:08513E13D8363951
1319,CAM-016,Visat T Junction P2 RLVD,23.0984,72.5841,2026-09-02 22:08:48.475814,Motorcycle,Unknown,Vehicle,UNREADABLE-CAM-016-76904,37.6%,Blue,88.0,SHA256:FEC4753FE0093D7D
1329,CAM-016,Visat T Junction P2 RLVD,23.0984,72.5841,2026-09-02 22:09:51.965071,Motorcycle,Unknown,Vehicle,UNREADABLE-CAM-016-64491,37.8%,Blue,85.3,SHA256:73B628D23BDC2FCD
1335,CAM-016,Visat T Junction P2 RLVD,23.0984,72.5841,2026-09-02 22:10:51.603399,Motorcycle,Unknown,Vehicle,UNREADABLE-CAM-016-56110,37.6%,Blue,73.7,SHA256:6214BF22551A80B8
1350,CAM-016,Visat T Junction P2 RLVD,23.0984,72.5841,2026-09-02 22:12:04.104647,Motorcycle,Unknown,Vehicle,UNREADABLE-CAM-016-48682,39.4%,Blue,73.8,SHA256:8B45E3772A863406
1373,CAM-016,Visat T Junction P2 RLVD,23.0984,72.5841,2026-09-02 22:13:17.312838,Motorcycle,Unknown,Vehicle,UNREADABLE-CAM-016-80047,37.4%,Blue,72.0,SHA256:2C102926530DEF22
1395,CAM-016,Visat T Junction P2 RLVD,23.0984,72.5841,2026-09-02 22:14:25.263997,Motorcycle,Unknown,Vehicle,UNREADABLE-CAM-016-62523,36.4%,Blue,67.1,SHA256:91BA67ABD2655CE7
1421,CAM-016,Visat T Junction P2 RLVD,23.0984,72.5841,2026-09-02 22:15:33.352898,Motorcycle,Unknown,Vehicle,UNREADABLE-CAM-016-63748,40.2%,Blue,67.7,SHA256:7152CD5C218995B1
1447,CAM-016,Visat T Junction P2 RLVD,23.0984,72.5841,2026-09-02 22:16:44.384407,Motorcycle,Unknown,Vehicle,UNREADABLE-CAM-016-24587,38.5%,Blue,67.3,SHA256:41C74C8A4C65D946
1473,CAM-016,Visat T Junction P2 RLVD,23.0984,72.5841,2026-09-02 22:17:54.984706,Motorcycle,Unknown,Vehicle,UNREADABLE-CAM-016-56407,27.4%,Blue,109.1,SHA256:5B0ADBC8E1605E26
1498,CAM-016,Visat T Junction P2 RLVD,23.0984,72.5841,2026-09-02 22:18:59.919349,Motorcycle,Unknown,Vehicle,UNREADABLE-CAM-016-17583,35.5%,Blue,127.3,SHA256:7142B3EF6E69C5C0
1519,CAM-016,Visat T Junction P2 RLVD,23.0984,72.5841,2026-09-02 22:19:59.227383,Motorcycle,Unknown,Vehicle,UNREADABLE-CAM-016-26569,35.7%,Blue,163.7,SHA256:F189C1831A68317E
1529,CAM-016,Visat T Junction P2 RLVD,23.0984,72.5841,2026-09-02 22:20:56.956601,Motorcycle,Unknown,Vehicle,UNREADABLE-CAM-016-14852,34.3%,Blue,146.8,SHA256:8D24C3C92554ADAF
1538,CAM-016,Visat T Junction P2 RLVD,23.0984,72.5841,2026-09-02 22:21:54.254737,Motorcycle,Unknown,Vehicle,UNREADABLE-CAM-016-79699,42.6%,Blue,162.8,SHA256:3FD14FD18D16AB0F
1564,CAM-016,Visat T Junction P2 RLVD,23.0984,72.5841,2026-09-02 22:25:40.837284,Motorcycle,Unknown,Vehicle,UNREADABLE-CAM-016-42248,47.2%,Blue,187.2,SHA256:64DA5EA8FB778AE4
1574,CAM-016,Visat T Junction P2 RLVD,23.0984,72.5841,2026-09-02 22:26:39.089282,Motorcycle,Unknown,Vehicle,UNREADABLE-CAM-016-95151,44.4%,Blue,155.4,SHA256:2358BBE16FB284D8
1584,CAM-016,Visat T Junction P2 RLVD,23.0984,72.5841,2026-09-02 22:27:37.890501,Motorcycle,Unknown,Vehicle,UNREADABLE-CAM-016-99743,45.9%,Blue,156.7,SHA256:22148349BB5E736D
1594,CAM-016,Visat T Junction P2 RLVD,23.0984,72.5841,2026-09-02 22:28:36.583900,Motorcycle,Unknown,Vehicle,UNREADABLE-CAM-016-83647,39.3%,Blue,161.9,SHA256:46E3EC73F52BB11B
1604,CAM-016,Visat T Junction P2 RLVD,23.0984,72.5841,2026-09-02 22:29:35.068318,Motorcycle,Unknown,Vehicle,UNREADABLE-CAM-016-90400,40.9%,Blue,167.2,SHA256:F5D9D473DCCD8DC8
1618,CAM-016,Visat T Junction P2 RLVD,23.0984,72.5841,2026-09-02 22:30:34.186768,Motorcycle,Unknown,Vehicle,UNREADABLE-CAM-016-83770,39.5%,Blue,156.3,SHA256:D2EAFFEB1229899B
1630,CAM-016,Visat T Junction P2 RLVD,23.0984,72.5841,2026-09-02 22:31:33.242246,Motorcycle,Unknown,Vehicle,UNREADABLE-CAM-016-37396,39.4%,Blue,189.1,SHA256:E7765E060E06E7C3
1631,CAM-016,Visat T Junction P2 RLVD,23.0984,72.5841,2026-09-02 22:31:33.247920,Car,Unknown,Vehicle,UNREADABLE-CAM-016-17622,45.0%,White,1576.7,SHA256:0C396F478E32B4D2
1647,CAM-016,Visat T Junction P2 RLVD,23.0984,72.5841,2026-09-02 22:32:32.133154,Motorcycle,Unknown,Vehicle,UNREADABLE-CAM-016-22700,37.1%,Blue,144.3,SHA256:F947C074A7787419
1648,CAM-016,Visat T Junction P2 RLVD,23.0984,72.5841,2026-09-02 22:32:32.139298,Car,Unknown,Vehicle,UNREADABLE-CAM-016-64460,48.1%,White,1681.5,SHA256:2565077DAACC2F08
1663,CAM-016,Visat T Junction P2 RLVD,23.0984,72.5841,2026-09-02 22:33:30.736198,Car,Unknown,Vehicle,UNREADABLE-CAM-016-68096,48.4%,White,1435.7,SHA256:74BA21CA50428FB5
1664,CAM-016,Visat T Junction P2 RLVD,23.0984,72.5841,2026-09-02 22:33:30.740388,Motorcycle,Unknown,Vehicle,UNREADABLE-CAM-016-18595,38.1%,Blue,148.4,SHA256:74DC465A8344997A
1679,CAM-016,Visat T Junction P2 RLVD,23.0984,72.5841,2026-09-02 22:34:29.138889,Motorcycle,Unknown,Vehicle,UNREADABLE-CAM-016-89960,37.6%,Blue,175.6,SHA256:29464D11428CA793
1695,CAM-016,Visat T Junction P2 RLVD,23.0984,72.5841,2026-09-02 22:35:27.415097,Motorcycle,Unknown,Vehicle,UNREADABLE-CAM-016-94859,39.8%,Blue,158.3,SHA256:8D7B40A36C5AC8EB
1705,CAM-016,Visat T Junction P2 RLVD,23.0984,72.5841,2026-09-02 22:37:17.386507,Car,Unknown,Vehicle,UNREADABLE-CAM-016-86830,46.8%,Silver/Grey,273.3,SHA256:E9F969A96C16B7A6
1723,CAM-016,Visat T Junction P2 RLVD,23.0984,72.5841,2026-09-02 22:38:14.971870,Car,Unknown,Vehicle,UNREADABLE-CAM-016-36409,48.4%,Silver/Grey,276.5,SHA256:A67C8CA8E0E30818
1724,CAM-016,Visat T Junction P2 RLVD,23.0984,72.5841,2026-09-02 22:38:14.974399,Car,Unknown,Vehicle,UNREADABLE-CAM-016-30177,49.7%,Blue,935.8,SHA256:9712D19E9CDC7A02
1742,CAM-016,Visat T Junction P2 RLVD,23.0984,72.5841,2026-09-02 22:39:12.233581,Car,Unknown,Vehicle,UNREADABLE-CAM-016-58032,46.8%,Silver/Grey,244.5,SHA256:835C2901B6D082DC
1762,CAM-016,Visat T Junction P2 RLVD,23.0984,72.5841,2026-09-02 22:40:09.152030,Car,Unknown,Vehicle,UNREADABLE-CAM-016-56381,46.8%,Silver/Grey,235.6,SHA256:0F5293C56B990147
1782,CAM-016,Visat T Junction P2 RLVD,23.0984,72.5841,2026-09-02 22:41:06.498584,Car,Unknown,Vehicle,UNREADABLE-CAM-016-73263,43.8%,Silver/Grey,197.2,SHA256:339A35FAB1572140
1799,CAM-016,Visat T Junction P2 RLVD,23.0984,72.5841,2026-09-02 22:42:03.883492,Car,Unknown,Vehicle,UNREADABLE-CAM-016-16094,48.0%,Silver/Grey,229.8,SHA256:A817B57F824FFAD2
1800,CAM-016,Visat T Junction P2 RLVD,23.0984,72.5841,2026-09-02 22:42:03.885867,Car,Unknown,Vehicle,UNREADABLE-CAM-016-63982,44.6%,Black,202.1,SHA256:059D18C3D7A99788
1835,CAM-016,Visat T Junction P2 RLVD,23.0984,72.5841,2026-09-02 22:43:03.326552,Car,Unknown,Vehicle,UNREADABLE-CAM-016-32959,48.0%,Silver/Grey,230.4,SHA256:8BFFD83733855662
1870,CAM-016,Visat T Junction P2 RLVD,23.0984,72.5841,2026-09-02 22:44:04.523078,Car,Unknown,Vehicle,UNREADABLE-CAM-016-25570,48.5%,Silver/Grey,235.2,SHA256:54A7CEAF1442F385
1871,CAM-016,Visat T Junction P2 RLVD,23.0984,72.5841,2026-09-02 22:44:04.526667,Car,Unknown,Vehicle,UNREADABLE-CAM-016-41754,37.5%,Blue,4379.9,SHA256:CA4855A6E5DE323C
1928,CAM-016,Visat T Junction P2 RLVD,23.0984,72.5841,2026-09-02 22:45:06.010703,Car,Unknown,Vehicle,UNREADABLE-CAM-016-91005,48.1%,Silver/Grey,258.1,SHA256:E74BDED2F9E2EED4
1929,CAM-016,Visat T Junction P2 RLVD,23.0984,72.5841,2026-09-02 22:45:06.013163,Car,Unknown,Vehicle,UNREADABLE-CAM-016-44780,39.2%,Blue,3266.4,SHA256:19906CD84A14F28F
1972,CAM-016,Visat T Junction P2 RLVD,23.0984,72.5841,2026-09-02 22:46:06.388191,Car,Unknown,Vehicle,UNREADABLE-CAM-016-86142,49.5%,Silver/Grey,263.8,SHA256:3C94C11F7E55C965
1973,CAM-016,Visat T Junction P2 RLVD,23.0984,72.5841,2026-09-02 22:46:06.391770,Car,Unknown,Vehicle,UNREADABLE-CAM-016-82673,36.8%,Blue,293.1,SHA256:A5E6C181C7BD375B
2009,CAM-016,Visat T Junction P2 RLVD,23.0984,72.5841,2026-09-02 22:47:05.857835,Car,Unknown,Vehicle,UNREADABLE-CAM-016-43819,50.5%,White,591.8,SHA256:F49615CFDAF1BCB0
2010,CAM-016,Visat T Junction P2 RLVD,23.0984,72.5841,2026-09-02 22:47:05.859974,Car,Unknown,Vehicle,UNREADABLE-CAM-016-25706,45.7%,Silver/Grey,225.6,SHA256:33A762143769F8B6
2011,CAM-016,Visat T Junction P2 RLVD,23.0984,72.5841,2026-09-02 22:47:05.861840,Car,Unknown,Vehicle,UNREADABLE-CAM-016-21364,38.2%,Blue,2801.6,SHA256:CE104A2501AF7ADD
2040,CAM-016,Visat T Junction P2 RLVD,23.0984,72.5841,2026-09-02 22:48:04.486121,Car,Unknown,Vehicle,UNREADABLE-CAM-016-65976,46.5%,Blue,292.9,SHA256:70C48B4DA54961B1
2041,CAM-016,Visat T Junction P2 RLVD,23.0984,72.5841,2026-09-02 22:48:04.490131,Car,Unknown,Vehicle,UNREADABLE-CAM-016-52513,43.2%,Blue,2389.6,SHA256:1752B703F8C89313
2066,CAM-016,Visat T Junction P2 RLVD,23.0984,72.5841,2026-09-02 22:49:03.248174,Car,Unknown,Vehicle,UNREADABLE-CAM-016-30910,52.3%,White,587.9,SHA256:9E544EB6864C58F7
2067,CAM-016,Visat T Junction P2 RLVD,23.0984,72.5841,2026-09-02 22:49:03.250908,Car,Unknown,Vehicle,UNREADABLE-CAM-016-59605,49.4%,Blue,249.9,SHA256:A41BEBED32325E5C
2068,CAM-016,Visat T Junction P2 RLVD,23.0984,72.5841,2026-09-02 22:49:03.252107,Car,Unknown,Vehicle,UNREADABLE-CAM-016-29350,41.0%,Blue,3851.6,SHA256:90F7E19D98648C10
2091,CAM-016,Visat T Junction P2 RLVD,23.0984,72.5841,2026-09-02 22:50:01.311066,Car,Unknown,Vehicle,UNREADABLE-CAM-016-33078,50.7%,Blue,276.6,SHA256:56AB08E567CC892F
2092,CAM-016,Visat T Junction P2 RLVD,23.0984,72.5841,2026-09-02 22:50:01.314340,Car,Unknown,Vehicle,UNREADABLE-CAM-016-77107,33.8%,Blue,2164.4,SHA256:D8A1EB8325F36A05
2110,CAM-016,Visat T Junction P2 RLVD,23.0984,72.5841,2026-09-02 22:50:58.765323,Car,Unknown,Vehicle,UNREADABLE-CAM-016-10805,49.1%,Blue,269.9,SHA256:EB363DB777831E16
2111,CAM-016,Visat T Junction P2 RLVD,23.0984,72.5841,2026-09-02 22:50:58.767835,Car,Unknown,Vehicle,UNREADABLE-CAM-016-61010,34.0%,Blue,336.7,SHA256:D2F6E2AAC2CA445C
2124,CAM-016,Visat T Junction P2 RLVD,23.0984,72.5841,2026-09-02 22:51:55.901977,Car,Unknown,Vehicle,UNREADABLE-CAM-016-24136,49.5%,Blue,261.1,SHA256:26CB616221BC7BF3
2135,CAM-016,Visat T Junction P2 RLVD,23.0984,72.5841,2026-09-02 22:52:52.872145,Car,Unknown,Vehicle,UNREADABLE-CAM-016-75850,46.8%,Blue,234.9,SHA256:F3585D7E4EF709E8
2143,CAM-016,Visat T Junction P2 RLVD,23.0984,72.5841,2026-09-02 22:53:49.903443,Car,Unknown,Vehicle,UNREADABLE-CAM-016-14590,45.8%,Silver/Grey,207.1,SHA256:543187B63E2E433D
2144,CAM-016,Visat T Junction P2 RLVD,23.0984,72.5841,2026-09-02 22:53:49.905523,Car,Unknown,Vehicle,UNREADABLE-CAM-016-94685,42.2%,Silver/Grey,148.3,SHA256:177C20E6E2BEC9AA
2145,CAM-016,Visat T Junction P2 RLVD,23.0984,72.5841,2026-09-02 22:53:49.907066,Car,Unknown,Vehicle,UNREADABLE-CAM-016-23627,41.1%,Silver/Grey,157.2,SHA256:87EA355ED864E7C5
2173,CAM-016,Visat T Junction P2 RLVD,23.0984,72.5841,2026-09-02 22:54:48.365426,Car,Unknown,Vehicle,UNREADABLE-CAM-016-24581,44.1%,Blue,226.6,SHA256:EAE8365AB9A27447
2340,CAM-016,Visat T Junction P2 RLVD,23.0984,72.5841,2026-09-02 22:56:53.792346,Car,Unknown,Vehicle,UNREADABLE-CAM-016-37610,44.9%,Silver/Grey,197.7,SHA256:E65FBE176730471F
2516,CAM-016,Visat T Junction P2 RLVD,23.0984,72.5841,2026-09-02 23:00:51.427004,Car,Unknown,Vehicle,UNREADABLE-CAM-016-65718,43.2%,Silver/Grey,153.4,SHA256:93EAB6216E11D72A
2533,CAM-016,Visat T Junction P2 RLVD,23.0984,72.5841,2026-09-02 23:01:49.253905,Car,Unknown,Vehicle,UNREADABLE-CAM-016-28153,41.1%,Silver/Grey,138.2,SHA256:2AC35702480BD67D
2546,CAM-016,Visat T Junction P2 RLVD,23.0984,72.5841,2026-09-02 23:02:46.609875,Car,Unknown,Vehicle,UNREADABLE-CAM-016-83544,46.2%,Silver/Grey,181.6,SHA256:9FAD5733C47A5214
2557,CAM-016,Visat T Junction P2 RLVD,23.0984,72.5841,2026-09-02 23:03:43.932628,Car,Unknown,Vehicle,UNREADABLE-CAM-016-55788,42.1%,Silver/Grey,114.9,SHA256:357DD917887F76F1
2565,CAM-016,Visat T Junction P2 RLVD,23.0984,72.5841,2026-09-02 23:04:40.611941,Car,Unknown,Vehicle,UNREADABLE-CAM-016-30352,45.5%,Blue,276.3,SHA256:92EAA66B07A7F24D
2573,CAM-016,Visat T Junction P2 RLVD,23.0984,72.5841,2026-09-02 23:07:28.322170,Car,Unknown,Vehicle,UNREADABLE-CAM-016-68142,35.5%,Silver/Grey,1385.2,SHA256:5D13EF3DF598E025
2647,CAM-016,Visat T Junction P2 RLVD,23.0984,72.5841,2026-09-03 06:44:46.803005,Car,Unknown,Vehicle,UNREADABLE-CAM-016-75144,45.7%,Silver/Grey,273.3,SHA256:3EDB4B41F85661E1
2665,CAM-016,Visat T Junction P2 RLVD,23.0984,72.5841,2026-09-03 06:45:44.651088,Car,Unknown,Vehicle,UNREADABLE-CAM-016-72316,50.5%,Silver/Grey,276.5,SHA256:6453040763D7F0C5
2666,CAM-016,Visat T Junction P2 RLVD,23.0984,72.5841,2026-09-03 06:45:44.653034,Car,Unknown,Vehicle,UNREADABLE-CAM-016-91786,48.5%,Blue,935.8,SHA256:B0B7D4FB668EBA99
2684,CAM-016,Visat T Junction P2 RLVD,23.0984,72.5841,2026-09-03 06:46:41.185053,Car,Unknown,Vehicle,UNREADABLE-CAM-016-58703,47.5%,Silver/Grey,244.5,SHA256:37832B1F43C30955
2704,CAM-016,Visat T Junction P2 RLVD,23.0984,72.5841,2026-09-03 06:47:37.483411,Car,Unknown,Vehicle,UNREADABLE-CAM-016-30802,49.2%,Silver/Grey,235.6,SHA256:C7084A30A80E58BA
2724,CAM-016,Visat T Junction P2 RLVD,23.0984,72.5841,2026-09-03 06:48:34.291528,Car,Unknown,Vehicle,UNREADABLE-CAM-016-78248,46.1%,Silver/Grey,197.2,SHA256:F9D5B0B62794EBA0
2741,CAM-016,Visat T Junction P2 RLVD,23.0984,72.5841,2026-09-03 06:49:31.060099,Car,Unknown,Vehicle,UNREADABLE-CAM-016-46559,46.2%,Silver/Grey,229.8,SHA256:3A5404E20EA579F2
2742,CAM-016,Visat T Junction P2 RLVD,23.0984,72.5841,2026-09-03 06:49:31.062520,Car,Unknown,Vehicle,UNREADABLE-CAM-016-88692,45.2%,Black,202.1,SHA256:1FFA790A26DCC2E9
2777,CAM-016,Visat T Junction P2 RLVD,23.0984,72.5841,2026-09-03 06:50:29.464939,Car,Unknown,Vehicle,UNREADABLE-CAM-016-10168,50.3%,Silver/Grey,230.4,SHA256:04D9F5960259C773
2812,CAM-016,Visat T Junction P2 RLVD,23.0984,72.5841,2026-09-03 06:51:29.768670,Car,Unknown,Vehicle,UNREADABLE-CAM-016-97183,51.2%,Silver/Grey,235.2,SHA256:84081374421E60A6
2813,CAM-016,Visat T Junction P2 RLVD,23.0984,72.5841,2026-09-03 06:51:29.770517,Car,Unknown,Vehicle,UNREADABLE-CAM-016-75926,39.0%,Blue,4379.9,SHA256:03E82016DACD742A
2870,CAM-016,Visat T Junction P2 RLVD,23.0984,72.5841,2026-09-03 06:52:30.373107,Car,Unknown,Vehicle,UNREADABLE-CAM-016-91298,50.7%,Silver/Grey,258.1,SHA256:50DF0B0D0B020E6E
2871,CAM-016,Visat T Junction P2 RLVD,23.0984,72.5841,2026-09-03 06:52:30.375400,Car,Unknown,Vehicle,UNREADABLE-CAM-016-65529,40.7%,Blue,3266.4,SHA256:08B385F24B558373
2914,CAM-016,Visat T Junction P2 RLVD,23.0984,72.5841,2026-09-03 06:53:30.026778,Car,Unknown,Vehicle,UNREADABLE-CAM-016-42603,48.3%,Silver/Grey,263.8,SHA256:8F8B132EF8B4F775
2915,CAM-016,Visat T Junction P2 RLVD,23.0984,72.5841,2026-09-03 06:53:30.029111,Car,Unknown,Vehicle,UNREADABLE-CAM-016-84470,34.1%,Blue,293.1,SHA256:848106FB72DA54A6
2951,CAM-016,Visat T Junction P2 RLVD,23.0984,72.5841,2026-09-03 06:54:28.468958,Car,Unknown,Vehicle,UNREADABLE-CAM-016-31245,51.2%,White,591.8,SHA256:D1223C87D712C0DF
2952,CAM-016,Visat T Junction P2 RLVD,23.0984,72.5841,2026-09-03 06:54:28.471351,Car,Unknown,Vehicle,UNREADABLE-CAM-016-14482,49.1%,Silver/Grey,225.6,SHA256:7053923D0455A6F3
2953,CAM-016,Visat T Junction P2 RLVD,23.0984,72.5841,2026-09-03 06:54:28.472772,Car,Unknown,Vehicle,UNREADABLE-CAM-016-92672,35.5%,Blue,2801.6,SHA256:170B4E881D28C856
2982,CAM-016,Visat T Junction P2 RLVD,23.0984,72.5841,2026-09-03 06:55:26.374489,Car,Unknown,Vehicle,UNREADABLE-CAM-016-56512,47.6%,Blue,292.9,SHA256:6AED2FF2344C85E4
2983,CAM-016,Visat T Junction P2 RLVD,23.0984,72.5841,2026-09-03 06:55:26.376388,Car,Unknown,Vehicle,UNREADABLE-CAM-016-61602,41.8%,Blue,2389.6,SHA256:60D5354026ADD13B
3008,CAM-016,Visat T Junction P2 RLVD,23.0984,72.5841,2026-09-03 06:56:24.258670,Car,Unknown,Vehicle,UNREADABLE-CAM-016-90415,53.2%,White,587.9,SHA256:C6FCC5B1EF0C43ED
3009,CAM-016,Visat T Junction P2 RLVD,23.0984,72.5841,2026-09-03 06:56:24.260606,Car,Unknown,Vehicle,UNREADABLE-CAM-016-73270,50.2%,Blue,249.9,SHA256:E03FA2FF7F703B08
3010,CAM-016,Visat T Junction P2 RLVD,23.0984,72.5841,2026-09-03 06:56:24.261716,Car,Unknown,Vehicle,UNREADABLE-CAM-016-42262,39.0%,Blue,3851.6,SHA256:1199CDA765A84CB8
3033,CAM-016,Visat T Junction P2 RLVD,23.0984,72.5841,2026-09-03 06:57:21.619216,Car,Unknown,Vehicle,UNREADABLE-CAM-016-76440,49.5%,Blue,276.6,SHA256:61AB83BD74D81F78
3034,CAM-016,Visat T Junction P2 RLVD,23.0984,72.5841,2026-09-03 06:57:21.621061,Car,Unknown,Vehicle,UNREADABLE-CAM-016-19930,36.4%,Blue,2164.4,SHA256:ED256EB6D9F30634
3052,CAM-016,Visat T Junction P2 RLVD,23.0984,72.5841,2026-09-03 06:58:18.561753,Car,Unknown,Vehicle,UNREADABLE-CAM-016-40423,51.6%,Blue,269.9,SHA256:841BBD662FB80B2E
3053,CAM-016,Visat T Junction P2 RLVD,23.0984,72.5841,2026-09-03 06:58:18.564066,Car,Unknown,Vehicle,UNREADABLE-CAM-016-36119,36.2%,Blue,336.7,SHA256:F02FDB78418E7C2F
3066,CAM-016,Visat T Junction P2 RLVD,23.0984,72.5841,2026-09-03 06:59:15.094786,Car,Unknown,Vehicle,UNREADABLE-CAM-016-81683,49.8%,Blue,261.1,SHA256:0B8E5046DDF97C06
3077,CAM-016,Visat T Junction P2 RLVD,23.0984,72.5841,2026-09-03 07:00:11.545702,Car,Unknown,Vehicle,UNREADABLE-CAM-016-45652,45.7%,Blue,234.9,SHA256:6BF1B573889FE5C7
3085,CAM-016,Visat T Junction P2 RLVD,23.0984,72.5841,2026-09-03 07:01:07.712044,Car,Unknown,Vehicle,UNREADABLE-CAM-016-73383,46.5%,Silver/Grey,207.1,SHA256:5F5652F65840223E
3086,CAM-016,Visat T Junction P2 RLVD,23.0984,72.5841,2026-09-03 07:01:07.713881,Car,Unknown,Vehicle,UNREADABLE-CAM-016-73688,43.6%,Silver/Grey,148.3,SHA256:6B82A6356AB690D2
3087,CAM-016,Visat T Junction P2 RLVD,23.0984,72.5841,2026-09-03 07:01:07.715020,Car,Unknown,Vehicle,UNREADABLE-CAM-016-34758,40.5%,Silver/Grey,157.2,SHA256:0DC607324EA21B89
3115,CAM-016,Visat T Junction P2 RLVD,23.0984,72.5841,2026-09-03 07:02:05.503874,Car,Unknown,Vehicle,UNREADABLE-CAM-016-21944,44.8%,Blue,226.6,SHA256:6F8927F28BC6FF92
3282,CAM-016,Visat T Junction P2 RLVD,23.0984,72.5841,2026-09-03 07:04:08.942828,Car,Unknown,Vehicle,UNREADABLE-CAM-016-78936,42.9%,Silver/Grey,197.7,SHA256:C76D26F8AD33EAE8
3458,CAM-016,Visat T Junction P2 RLVD,23.0984,72.5841,2026-09-03 07:08:03.704577,Car,Unknown,Vehicle,UNREADABLE-CAM-016-58264,43.5%,Silver/Grey,153.4,SHA256:AE230DDE4DCEB137
3475,CAM-016,Visat T Junction P2 RLVD,23.0984,72.5841,2026-09-03 07:09:00.745871,Car,Unknown,Vehicle,UNREADABLE-CAM-016-49035,42.1%,Silver/Grey,138.2,SHA256:0038739FD819FEA4
3488,CAM-016,Visat T Junction P2 RLVD,23.0984,72.5841,2026-09-03 07:09:57.264127,Car,Unknown,Vehicle,UNREADABLE-CAM-016-85727,43.4%,Silver/Grey,181.6,SHA256:E580E0BCBE6FF850
3499,CAM-016,Visat T Junction P2 RLVD,23.0984,72.5841,2026-09-03 07:10:54.116212,Car,Unknown,Vehicle,UNREADABLE-CAM-016-62018,40.5%,Silver/Grey,114.9,SHA256:DA4FAD652A0A7D5E
3507,CAM-016,Visat T Junction P2 RLVD,23.0984,72.5841,2026-09-03 07:11:50.155210,Car,Unknown,Vehicle,UNREADABLE-CAM-016-25966,47.2%,Blue,276.3,SHA256:9928DFB008E35C01
3515,CAM-016,Visat T Junction P2 RLVD,23.0984,72.5841,2026-09-03 07:14:36.970757,Car,Unknown,Vehicle,UNREADABLE-CAM-016-85571,36.1%,Silver/Grey,1385.2,SHA256:D4F62E942919A5C1
3594,CAM-016,Visat T Junction P2 RLVD,23.0984,72.5841,2026-09-03 07:17:27.922858,Car,Unknown,Vehicle,UNREADABLE-CAM-016-45960,40.4%,Blue,136.9,SHA256:B12F9EF636E83046
3613,CAM-016,Visat T Junction P2 RLVD,23.0984,72.5841,2026-09-03 07:18:24.804784,Car,Unknown,Vehicle,UNREADABLE-CAM-016-68413,44.3%,Blue,174.8,SHA256:588053ED665D4A71
3614,CAM-016,Visat T Junction P2 RLVD,23.0984,72.5841,2026-09-03 07:18:24.807002,Car,Unknown,Vehicle,UNREADABLE-CAM-016-41434,35.7%,White,207.7,SHA256:658C74395463AA59
3624,CAM-016,Visat T Junction P2 RLVD,23.0984,72.5841,2026-09-03 07:19:21.288545,Car,Unknown,Vehicle,UNREADABLE-CAM-016-55265,46.9%,Blue,251.6,SHA256:06FA5DD3B6D17A1F
3634,CAM-016,Visat T Junction P2 RLVD,23.0984,72.5841,2026-09-03 07:20:17.560953,Car,Unknown,Vehicle,UNREADABLE-CAM-016-52521,49.6%,Blue,278.8,SHA256:836847CFF27D05AB
3645,CAM-016,Visat T Junction P2 RLVD,23.0984,72.5841,2026-09-03 07:21:13.821995,Car,Unknown,Vehicle,UNREADABLE-CAM-016-31283,49.5%,Blue,367.0,SHA256:E9DDFC4B543B6F60
3660,CAM-016,Visat T Junction P2 RLVD,23.0984,72.5841,2026-09-03 07:22:10.634146,Car,Unknown,Vehicle,UNREADABLE-CAM-016-87215,35.7%,Yellow/Orange,31.4,SHA256:A3154084817B5BB7
3661,CAM-016,Visat T Junction P2 RLVD,23.0984,72.5841,2026-09-03 07:22:10.636108,Car,Unknown,Vehicle,UNREADABLE-CAM-016-19306,47.9%,Blue,328.6,SHA256:FFA250E6FE43BBF7
3682,CAM-016,Visat T Junction P2 RLVD,23.0984,72.5841,2026-09-03 07:23:07.955101,Car,Unknown,Vehicle,UNREADABLE-CAM-016-31426,47.5%,Black,337.9,SHA256:03BCF3C630394367
3710,CAM-016,Visat T Junction P2 RLVD,23.0984,72.5841,2026-09-03 07:25:55.404533,Car,Unknown,Vehicle,UNREADABLE-CAM-016-99955,37.3%,Yellow/Orange,56.2,SHA256:4DDEFCA08738898A
3736,CAM-016,Visat T Junction P2 RLVD,23.0984,72.5841,2026-09-03 07:26:53.182370,Car,Unknown,Vehicle,UNREADABLE-CAM-016-26253,48.1%,Silver/Grey,516.9,SHA256:4A65F9D2EA4BAC41
3737,CAM-016,Visat T Junction P2 RLVD,23.0984,72.5841,2026-09-03 07:26:53.184243,Car,Unknown,Vehicle,UNREADABLE-CAM-016-37679,35.8%,Yellow/Orange,54.6,SHA256:55D899F017592B82
3771,CAM-016,Visat T Junction P2 RLVD,23.0984,72.5841,2026-09-03 07:27:51.718624,Car,Unknown,Vehicle,UNREADABLE-CAM-016-54299,47.0%,Black,260.3,SHA256:B3FD95139B270E22
3815,CAM-016,Visat T Junction P2 RLVD,23.0984,72.5841,2026-09-03 07:28:51.031040,Car,Unknown,Vehicle,UNREADABLE-CAM-016-13935,47.1%,Black,291.0,SHA256:4E1A1941FA34E978
3857,CAM-016,Visat T Junction P2 RLVD,23.0984,72.5841,2026-09-03 07:31:39.479440,Car,Unknown,Vehicle,UNREADABLE-CAM-016-51371,34.1%,Silver/Grey,27.0,SHA256:0FA12E74B1CC5953
3870,CAM-016,Visat T Junction P2 RLVD,23.0984,72.5841,2026-09-03 07:32:35.130523,Car,Unknown,Vehicle,UNREADABLE-CAM-016-84856,34.7%,Silver/Grey,32.7,SHA256:9317AA954A479508
3885,CAM-016,Visat T Junction P2 RLVD,23.0984,72.5841,2026-09-03 07:33:31.215019,Car,Unknown,Vehicle,UNREADABLE-CAM-016-24075,36.7%,Silver/Grey,37.7,SHA256:C47E048DE8E02BF7
3886,CAM-016,Visat T Junction P2 RLVD,23.0984,72.5841,2026-09-03 07:33:31.216774,Car,Unknown,Vehicle,UNREADABLE-CAM-016-80210,48.3%,Blue,333.3,SHA256:E3A502703448FB49
3912,CAM-016,Visat T Junction P2 RLVD,23.0984,72.5841,2026-09-03 07:34:27.613921,Car,Unknown,Vehicle,UNREADABLE-CAM-016-75916,35.6%,Silver/Grey,58.4,SHA256:F8F98FF3640FCBB0
4275,CAM-016,Visat T Junction P2 RLVD,23.0984,72.5841,2026-09-03 07:46:43.388272,Car,Unknown,Vehicle,UNREADABLE-CAM-016-59311,46.8%,Blue,275.4,SHA256:411B8EA1EE9B5A53
4281,CAM-016,Visat T Junction P2 RLVD,23.0984,72.5841,2026-09-03 07:47:38.908505,Car,Unknown,Vehicle,UNREADABLE-CAM-016-71214,48.2%,Blue,278.9,SHA256:CB612F536EE6A7D1
4395,CAM-016,Visat T Junction P2 RLVD,23.0984,72.5841,2026-09-03 07:54:09.090893,Car,Unknown,Vehicle,UNREADABLE-CAM-016-11081,47.2%,Blue,277.9,SHA256:EDD9A01006B37BCD
4406,CAM-016,Visat T Junction P2 RLVD,23.0984,72.5841,2026-09-03 08:00:33.323032,Car,Unknown,Vehicle,UNREADABLE-CAM-016-32385,49.2%,Blue,319.1,SHA256:D82758EC6F81321E
4423,CAM-016,Visat T Junction P2 RLVD,23.0984,72.5841,2026-09-03 08:01:30.311850,Car,Unknown,Vehicle,UNREADABLE-CAM-016-46934,51.2%,Blue,343.0,SHA256:ABBF5C00CDCE6399
4461,CAM-016,Visat T Junction P2 RLVD,23.0984,72.5841,2026-09-03 08:02:29.290314,Car,Unknown,Vehicle,UNREADABLE-CAM-016-10932,51.7%,Blue,477.1,SHA256:B0E50290E86843A7
4531,CAM-016,Visat T Junction P2 RLVD,23.0984,72.5841,2026-09-03 08:03:30.795337,Car,Unknown,Vehicle,UNREADABLE-CAM-016-14015,51.0%,Blue,589.0,SHA256:BFC2B0D3AF4415A5
4608,CAM-016,Visat T Junction P2 RLVD,23.0984,72.5841,2026-09-03 08:04:33.248631,Car,Unknown,Vehicle,UNREADABLE-CAM-016-65940,50.8%,Blue,678.9,SHA256:68FC696D4486A0F4
4649,CAM-016,Visat T Junction P2 RLVD,23.0984,72.5841,2026-09-03 08:05:32.445631,Car,Unknown,Vehicle,UNREADABLE-CAM-016-72920,51.0%,Blue,709.9,SHA256:AF78F68270AA66C8
4676,CAM-016,Visat T Junction P2 RLVD,23.0984,72.5841,2026-09-03 08:06:30.192435,Car,Unknown,Vehicle,UNREADABLE-CAM-016-95019,49.9%,Blue,926.6,SHA256:F976F5382CEF1CC0
4697,CAM-016,Visat T Junction P2 RLVD,23.0984,72.5841,2026-09-03 08:07:27.148809,Car,Unknown,Vehicle,UNREADABLE-CAM-016-74911,50.4%,Blue,873.8,SHA256:A94FBECC4F4A890A
4712,CAM-016,Visat T Junction P2 RLVD,23.0984,72.5841,2026-09-03 08:08:23.949713,Car,Unknown,Vehicle,UNREADABLE-CAM-016-85921,48.1%,Blue,906.2,SHA256:A9CED451B553E266
4722,CAM-016,Visat T Junction P2 RLVD,23.0984,72.5841,2026-09-03 08:09:20.426407,Car,Unknown,Vehicle,UNREADABLE-CAM-016-50303,49.1%,Blue,990.8,SHA256:24439148B3D31B98
4732,CAM-016,Visat T Junction P2 RLVD,23.0984,72.5841,2026-09-03 08:10:16.782525,Car,Unknown,Vehicle,UNREADABLE-CAM-016-76594,49.3%,Blue,925.3,SHA256:D917212C653E2130
4742,CAM-016,Visat T Junction P2 RLVD,23.0984,72.5841,2026-09-03 08:11:13.245178,Car,Unknown,Vehicle,UNREADABLE-CAM-016-10219,48.1%,Blue,824.9,SHA256:72FB4823A640511D
4752,CAM-016,Visat T Junction P2 RLVD,23.0984,72.5841,2026-09-03 08:12:09.675916,Car,Unknown,Vehicle,UNREADABLE-CAM-016-65745,48.7%,Blue,850.3,SHA256:9C611706AA098E26
4762,CAM-016,Visat T Junction P2 RLVD,23.0984,72.5841,2026-09-03 08:13:05.962790,Car,Unknown,Vehicle,UNREADABLE-CAM-016-69450,48.7%,Blue,900.6,SHA256:25A0E16DFDE8B784
4783,CAM-016,Visat T Junction P2 RLVD,23.0984,72.5841,2026-09-03 08:14:03.153000,Car,Unknown,Vehicle,UNREADABLE-CAM-016-63370,47.4%,Blue,833.3,SHA256:AB1BE4BF786599CB
4839,CAM-016,Visat T Junction P2 RLVD,23.0984,72.5841,2026-09-03 08:15:03.147093,Car,Unknown,Vehicle,UNREADABLE-CAM-016-99582,47.7%,Black,887.3,SHA256:F08F7E7037275137
4920,CAM-016,Visat T Junction P2 RLVD,23.0984,72.5841,2026-09-03 08:16:04.274455,Car,Unknown,Vehicle,UNREADABLE-CAM-016-59715,47.7%,Black,842.5,SHA256:CC71EF6CC463613C
5040,CAM-016,Visat T Junction P2 RLVD,23.0984,72.5841,2026-09-03 08:18:55.708112,Car,Unknown,Vehicle,UNREADABLE-CAM-016-40520,49.9%,Black,792.7,SHA256:06A2CE13E9B3E63C
5051,CAM-016,Visat T Junction P2 RLVD,23.0984,72.5841,2026-09-03 08:19:51.984604,Car,Unknown,Vehicle,UNREADABLE-CAM-016-66965,46.0%,Black,970.2,SHA256:92AF07E2F83056A4
5061,CAM-016,Visat T Junction P2 RLVD,23.0984,72.5841,2026-09-03 08:20:48.255696,Car,Unknown,Vehicle,UNREADABLE-CAM-016-13858,50.0%,Black,928.3,SHA256:C63FFE9177542C97
5071,CAM-016,Visat T Junction P2 RLVD,23.0984,72.5841,2026-09-03 08:21:44.498526,Car,Unknown,Vehicle,UNREADABLE-CAM-016-41237,48.5%,Black,818.2,SHA256:2D5C018DA20BA5C6
5081,CAM-016,Visat T Junction P2 RLVD,23.0984,72.5841,2026-09-03 08:22:40.769636,Car,Unknown,Vehicle,UNREADABLE-CAM-016-81887,47.4%,Blue,907.7,SHA256:F949FB00B1CBE9AE
5091,CAM-016,Visat T Junction P2 RLVD,23.0984,72.5841,2026-09-03 08:23:36.923608,Car,Unknown,Vehicle,UNREADABLE-CAM-016-23695,46.5%,Blue,758.2,SHA256:C9235D5C27E4A39D
5112,CAM-016,Visat T Junction P2 RLVD,23.0984,72.5841,2026-09-03 08:26:24.041331,Car,Unknown,Vehicle,UNREADABLE-CAM-016-43452,49.8%,Blue,1233.4,SHA256:B1B464106E2FFEF1
5178,CAM-016,Visat T Junction P2 RLVD,23.0984,72.5841,2026-09-03 08:28:21.736506,Car,Unknown,Vehicle,UNREADABLE-CAM-016-52955,50.5%,Black,834.4,SHA256:0241DDE790980517
5179,CAM-016,Visat T Junction P2 RLVD,23.0984,72.5841,2026-09-03 08:28:21.739698,Car,Unknown,Vehicle,UNREADABLE-CAM-016-91601,47.1%,Green,402.5,SHA256:A9A1C604E096ECD0
5180,CAM-016,Visat T Junction P2 RLVD,23.0984,72.5841,2026-09-03 08:28:21.741068,Car,Unknown,Vehicle,UNREADABLE-CAM-016-47250,33.9%,Yellow/Orange,31.4,SHA256:43C6A2BE973928AC
5199,CAM-016,Visat T Junction P2 RLVD,23.0984,72.5841,2026-09-03 08:29:18.764614,Car,Unknown,Vehicle,UNREADABLE-CAM-016-18507,49.8%,Black,714.4,SHA256:757B9AAE0DB5708A
5213,CAM-016,Visat T Junction P2 RLVD,23.0984,72.5841,2026-09-03 08:30:15.525669,Car,Unknown,Vehicle,UNREADABLE-CAM-016-53754,48.7%,Black,758.0,SHA256:C27262FAFBB32B78
5214,CAM-016,Visat T Junction P2 RLVD,23.0984,72.5841,2026-09-03 08:30:15.529161,Car,Unknown,Vehicle,UNREADABLE-CAM-016-36629,47.5%,Green,388.8,SHA256:DBF01A2372744082
5233,CAM-016,Visat T Junction P2 RLVD,23.0984,72.5841,2026-09-03 08:31:12.876313,Car,Unknown,Vehicle,UNREADABLE-CAM-016-22550,49.7%,Black,723.7,SHA256:1BA6FDEF807A5655
5234,CAM-016,Visat T Junction P2 RLVD,23.0984,72.5841,2026-09-03 08:31:12.880022,Car,Unknown,Vehicle,UNREADABLE-CAM-016-20743,49.3%,Silver/Grey,392.6,SHA256:3A7C30C12684CD41
5256,CAM-016,Visat T Junction P2 RLVD,23.0984,72.5841,2026-09-03 08:32:10.655625,Car,Unknown,Vehicle,UNREADABLE-CAM-016-55019,49.8%,Black,638.8,SHA256:CB114355D6ECE279
5257,CAM-016,Visat T Junction P2 RLVD,23.0984,72.5841,2026-09-03 08:32:10.659545,Car,Unknown,Vehicle,UNREADABLE-CAM-016-86562,45.8%,Blue,1528.7,SHA256:F3E7F1AF20AC0D0B
5258,CAM-016,Visat T Junction P2 RLVD,23.0984,72.5841,2026-09-03 08:32:10.661952,Car,Unknown,Vehicle,UNREADABLE-CAM-016-56098,46.6%,Silver/Grey,427.0,SHA256:D71C3BC60A2709DD
5278,CAM-016,Visat T Junction P2 RLVD,23.0984,72.5841,2026-09-03 08:33:07.669577,Car,Unknown,Vehicle,UNREADABLE-CAM-016-41294,50.4%,Black,595.9,SHA256:8E384762239EC528
5279,CAM-016,Visat T Junction P2 RLVD,23.0984,72.5841,2026-09-03 08:33:07.673357,Car,Unknown,Vehicle,UNREADABLE-CAM-016-79297,47.6%,Silver/Grey,425.2,SHA256:A927A95B8D34204C
5280,CAM-016,Visat T Junction P2 RLVD,23.0984,72.5841,2026-09-03 08:33:07.675406,Car,Unknown,Vehicle,UNREADABLE-CAM-016-16603,48.6%,Blue,480.0,SHA256:05D50334B77429C9
5304,CAM-016,Visat T Junction P2 RLVD,23.0984,72.5841,2026-09-03 08:34:05.048426,Car,Unknown,Vehicle,UNREADABLE-CAM-016-63746,44.1%,Silver/Grey,2913.4,SHA256:C84BE0414A8FB356
5305,CAM-016,Visat T Junction P2 RLVD,23.0984,72.5841,2026-09-03 08:34:05.051025,Car,Unknown,Vehicle,UNREADABLE-CAM-016-19073,49.6%,Black,612.6,SHA256:F86839783FFF43D1
5332,CAM-016,Visat T Junction P2 RLVD,23.0984,72.5841,2026-09-03 08:35:02.682065,Car,Unknown,Vehicle,UNREADABLE-CAM-016-93425,51.7%,Silver/Grey,477.1,SHA256:D6518E2389739373
5333,CAM-016,Visat T Junction P2 RLVD,23.0984,72.5841,2026-09-03 08:35:02.684066,Car,Unknown,Vehicle,UNREADABLE-CAM-016-38968,48.9%,Black,525.9,SHA256:22DEE078EDF7F0E5
5374,CAM-016,Visat T Junction P2 RLVD,23.0984,72.5841,2026-09-03 08:36:00.686354,Car,Unknown,Vehicle,UNREADABLE-CAM-016-56914,50.3%,Silver/Grey,437.4,SHA256:50CB29C0CDF9256D
5375,CAM-016,Visat T Junction P2 RLVD,23.0984,72.5841,2026-09-03 08:36:00.689162,Car,Unknown,Vehicle,UNREADABLE-CAM-016-75719,50.5%,Black,430.7,SHA256:9439026796A3774F
5417,CAM-016,Visat T Junction P2 RLVD,23.0984,72.5841,2026-09-03 08:36:59.176920,Car,Unknown,Vehicle,UNREADABLE-CAM-016-19198,50.2%,Silver/Grey,449.1,SHA256:F7DE949FB1284860
5418,CAM-016,Visat T Junction P2 RLVD,23.0984,72.5841,2026-09-03 08:36:59.179897,Car,Unknown,Vehicle,UNREADABLE-CAM-016-33079,29.7%,Black,128.7,SHA256:32417C35E3BEEA48
5489,CAM-016,Visat T Junction P2 RLVD,23.0984,72.5841,2026-09-03 08:38:00.510309,Car,Unknown,Vehicle,UNREADABLE-CAM-016-76699,49.0%,Black,332.0,SHA256:05C71DA5406544F0
5490,CAM-016,Visat T Junction P2 RLVD,23.0984,72.5841,2026-09-03 08:38:00.513496,Car,Unknown,Vehicle,UNREADABLE-CAM-016-72186,47.4%,Silver/Grey,504.2,SHA256:AB14D1D0D400AEE6
5491,CAM-016,Visat T Junction P2 RLVD,23.0984,72.5841,2026-09-03 08:38:00.514821,Car,Unknown,Vehicle,UNREADABLE-CAM-016-33546,42.5%,Blue,976.9,SHA256:A30E0B8903057C38
5548,CAM-016,Visat T Junction P2 RLVD,23.0984,72.5841,2026-09-03 08:39:01.471198,Car,Unknown,Vehicle,UNREADABLE-CAM-016-53571,39.6%,Silver/Grey,946.3,SHA256:5EE5E624DAF0FB1B
5549,CAM-016,Visat T Junction P2 RLVD,23.0984,72.5841,2026-09-03 08:39:01.474535,Car,Unknown,Vehicle,UNREADABLE-CAM-016-29051,47.9%,Black,366.5,SHA256:6D5E2409D360280A
5620,CAM-016,Visat T Junction P2 RLVD,23.0984,72.5841,2026-09-03 08:40:03.097751,Car,Unknown,Vehicle,UNREADABLE-CAM-016-18814,47.4%,Black,290.6,SHA256:DD382EB005D55FB5
5621,CAM-016,Visat T Junction P2 RLVD,23.0984,72.5841,2026-09-03 08:40:03.100872,Car,Unknown,Vehicle,UNREADABLE-CAM-016-25943,48.5%,Silver/Grey,493.5,SHA256:B96D729618B5DCC6
5688,CAM-016,Visat T Junction P2 RLVD,23.0984,72.5841,2026-09-03 08:41:03.695808,Car,Unknown,Vehicle,UNREADABLE-CAM-016-59892,49.1%,Silver/Grey,254.2,SHA256:7DA4752E82A0CDF8
5689,CAM-016,Visat T Junction P2 RLVD,23.0984,72.5841,2026-09-03 08:41:03.698237,Car,Unknown,Vehicle,UNREADABLE-CAM-016-15748,47.4%,Black,270.8,SHA256:ADFEFE1BB86717CC
5739,CAM-016,Visat T Junction P2 RLVD,23.0984,72.5841,2026-09-03 08:42:02.388626,Car,Unknown,Vehicle,UNREADABLE-CAM-016-62053,46.9%,Silver/Grey,269.0,SHA256:0E4E0F5BCC13D81D
5740,CAM-016,Visat T Junction P2 RLVD,23.0984,72.5841,2026-09-03 08:42:02.391087,Car,Unknown,Vehicle,UNREADABLE-CAM-016-67482,49.2%,Black,263.5,SHA256:8E2A947AF63517D3
5779,CAM-016,Visat T Junction P2 RLVD,23.0984,72.5841,2026-09-03 08:43:00.095615,Car,Unknown,Vehicle,UNREADABLE-CAM-016-75155,44.5%,Silver/Grey,168.9,SHA256:8972AEF18DD6D5E5
5780,CAM-016,Visat T Junction P2 RLVD,23.0984,72.5841,2026-09-03 08:43:00.098639,Car,Unknown,Vehicle,UNREADABLE-CAM-016-77665,48.6%,Black,276.4,SHA256:3B994D18C43AE0F5
5799,CAM-016,Visat T Junction P2 RLVD,23.0984,72.5841,2026-09-03 08:43:57.048549,Car,Unknown,Vehicle,UNREADABLE-CAM-016-83666,46.6%,Blue,239.7,SHA256:DC0E967E09A5BAAA
5800,CAM-016,Visat T Junction P2 RLVD,23.0984,72.5841,2026-09-03 08:43:57.050282,Car,Unknown,Vehicle,UNREADABLE-CAM-016-92557,47.9%,Silver/Grey,321.1,SHA256:966C8CEAC327A562
5801,CAM-016,Visat T Junction P2 RLVD,23.0984,72.5841,2026-09-03 08:43:57.051833,Car,Unknown,Vehicle,UNREADABLE-CAM-016-68784,47.0%,Black,342.8,SHA256:AB44FA3CA728D228
5809,CAM-016,Visat T Junction P2 RLVD,23.0984,72.5841,2026-09-03 08:44:53.172208,Car,Unknown,Vehicle,UNREADABLE-CAM-016-13962,42.8%,Silver/Grey,147.1,SHA256:EB1E566A16BFC23C
5810,CAM-016,Visat T Junction P2 RLVD,23.0984,72.5841,2026-09-03 08:44:53.175122,Truck,Unknown,Vehicle,UNREADABLE-CAM-016-99631,40.1%,Silver/Grey,153.3,SHA256:9BAC47634AF985A1
5820,CAM-016,Visat T Junction P2 RLVD,23.0984,72.5841,2026-09-03 08:45:49.656541,Car,Unknown,Vehicle,UNREADABLE-CAM-016-18037,50.6%,Blue,252.3,SHA256:6CF637C047145C64
5832,CAM-016,Visat T Junction P2 RLVD,23.0984,72.5841,2026-09-03 08:46:46.616860,Car,Unknown,Vehicle,UNREADABLE-CAM-016-51543,49.5%,Green,316.6,SHA256:04427EB74A9AA788
5833,CAM-016,Visat T Junction P2 RLVD,23.0984,72.5841,2026-09-03 08:46:46.619854,Car,Unknown,Vehicle,UNREADABLE-CAM-016-39482,48.9%,Blue,249.4,SHA256:0C075AE1F3CFEDB4
5843,CAM-016,Visat T Junction P2 RLVD,23.0984,72.5841,2026-09-03 08:47:43.269287,Car,Unknown,Vehicle,UNREADABLE-CAM-016-53114,51.5%,Green,356.9,SHA256:88835A8054903ADD
5853,CAM-016,Visat T Junction P2 RLVD,23.0984,72.5841,2026-09-03 08:48:39.656018,Car,Unknown,Vehicle,UNREADABLE-CAM-016-61823,52.9%,Green,409.4,SHA256:7CDFDB2FC234C074
5865,CAM-016,Visat T Junction P2 RLVD,23.0984,72.5841,2026-09-03 08:49:36.187919,Car,Unknown,Vehicle,UNREADABLE-CAM-016-57794,48.6%,Green,346.3,SHA256:461C71E2E6D9CF4F
5902,CAM-016,Visat T Junction P2 RLVD,23.0984,72.5841,2026-09-03 08:50:33.631649,Car,Unknown,Vehicle,UNREADABLE-CAM-016-99512,49.1%,Green,244.0,SHA256:C1BD9CD75787F2B0
5981,CAM-016,Visat T Junction P2 RLVD,23.0984,72.5841,2026-09-03 08:51:34.567066,Car,Unknown,Vehicle,UNREADABLE-CAM-016-44756,53.0%,Green,284.3,SHA256:4FAB6A446B00B614
5982,CAM-016,Visat T Junction P2 RLVD,23.0984,72.5841,2026-09-03 08:51:34.569906,Truck,Unknown,Vehicle,UNREADABLE-CAM-016-16426,38.5%,Silver/Grey,84.1,SHA256:57D8E438FA4D416F
6072,CAM-016,Visat T Junction P2 RLVD,23.0984,72.5841,2026-09-03 08:52:35.650160,Car,Unknown,Vehicle,UNREADABLE-CAM-016-82314,52.7%,Yellow/Orange,280.4,SHA256:4EC4A6C8BF4A4354
6141,CAM-016,Visat T Junction P2 RLVD,23.0984,72.5841,2026-09-03 08:53:35.346554,Car,Unknown,Vehicle,UNREADABLE-CAM-016-28235,51.8%,Green,239.6,SHA256:0E9EC1350E1FE907
6142,CAM-016,Visat T Junction P2 RLVD,23.0984,72.5841,2026-09-03 08:53:35.349700,Car,Unknown,Vehicle,UNREADABLE-CAM-016-38744,35.1%,Maroon/Dark,2.9,SHA256:53B9C92B6DA4DB72
6173,CAM-016,Visat T Junction P2 RLVD,23.0984,72.5841,2026-09-03 08:54:32.740893,Car,Unknown,Vehicle,UNREADABLE-CAM-016-30533,48.2%,Green,267.7,SHA256:AA9B4E6031E5B2D9
6191,CAM-016,Visat T Junction P2 RLVD,23.0984,72.5841,2026-09-03 08:55:29.161309,Car,Unknown,Vehicle,UNREADABLE-CAM-016-79047,48.4%,Green,278.0,SHA256:F92A8416C58648C7
6201,CAM-016,Visat T Junction P2 RLVD,23.0984,72.5841,2026-09-03 08:56:25.351901,Car,Unknown,Vehicle,UNREADABLE-CAM-016-59710,45.3%,Green,229.4,SHA256:311259BE50CF2A55
6218,CAM-016,Visat T Junction P2 RLVD,23.0984,72.5841,2026-09-03 09:01:02.399307,Car,Unknown,Vehicle,UNREADABLE-CAM-016-40882,48.9%,White,284.8,SHA256:E4369C430B51A0F2
6219,CAM-016,Visat T Junction P2 RLVD,23.0984,72.5841,2026-09-03 09:01:02.402593,Car,Unknown,Vehicle,UNREADABLE-CAM-016-78824,47.3%,Green,212.4,SHA256:615CA36DC46BA5E6
6234,CAM-016,Visat T Junction P2 RLVD,23.0984,72.5841,2026-09-03 09:02:01.177140,Car,Unknown,Vehicle,UNREADABLE-CAM-016-28637,50.9%,White,283.8,SHA256:929F935565CBE7FC
6256,CAM-016,Visat T Junction P2 RLVD,23.0984,72.5841,2026-09-03 09:02:59.866516,Car,Unknown,Vehicle,UNREADABLE-CAM-016-77628,46.7%,White,235.2,SHA256:415C2BC29D8B384F
6257,CAM-016,Visat T Junction P2 RLVD,23.0984,72.5841,2026-09-03 09:02:59.869730,Car,Unknown,Vehicle,UNREADABLE-CAM-016-31593,47.3%,Green,244.9,SHA256:86B48D8DF1DD95CF
6290,CAM-016,Visat T Junction P2 RLVD,23.0984,72.5841,2026-09-03 09:04:00.134053,Car,Unknown,Vehicle,UNREADABLE-CAM-016-50916,43.5%,White,201.7,SHA256:387FF6302CC4707B
6366,CAM-016,Visat T Junction P2 RLVD,23.0984,72.5841,2026-09-03 09:05:59.565945,Car,Unknown,Vehicle,UNREADABLE-CAM-016-98283,49.0%,Blue,362.8,SHA256:929F1F44E9970258
6425,CAM-016,Visat T Junction P2 RLVD,23.0984,72.5841,2026-09-03 09:07:57.401376,Car,Unknown,Vehicle,UNREADABLE-CAM-016-68246,48.2%,Silver/Grey,321.1,SHA256:409DDF516C77F3A7
6426,CAM-016,Visat T Junction P2 RLVD,23.0984,72.5841,2026-09-03 09:07:57.404876,Car,Unknown,Vehicle,UNREADABLE-CAM-016-73248,46.8%,White,353.5,SHA256:896A2DEBD2DDBDB0
6446,CAM-016,Visat T Junction P2 RLVD,23.0984,72.5841,2026-09-03 09:08:55.777770,Car,Unknown,Vehicle,UNREADABLE-CAM-016-80309,43.9%,Silver/Grey,200.1,SHA256:98B5EDCC31AAF696
6473,CAM-016,Visat T Junction P2 RLVD,23.0984,72.5841,2026-09-03 09:09:54.891781,Car,Unknown,Vehicle,UNREADABLE-CAM-016-39605,37.1%,White,1801.0,SHA256:51EC1960BBEF8482
6474,CAM-016,Visat T Junction P2 RLVD,23.0984,72.5841,2026-09-03 09:09:54.895005,Car,Unknown,Vehicle,UNREADABLE-CAM-016-51070,47.7%,Blue,231.9,SHA256:1DCC41ABD10123BA
6475,CAM-016,Visat T Junction P2 RLVD,23.0984,72.5841,2026-09-03 09:09:54.896125,Car,Unknown,Vehicle,UNREADABLE-CAM-016-31858,47.4%,Blue,257.6,SHA256:2A127C63CCE4286D
6512,CAM-016,Visat T Junction P2 RLVD,23.0984,72.5841,2026-09-03 09:11:52.119166,Car,Unknown,Vehicle,UNREADABLE-CAM-016-93722,45.9%,Blue,233.5,SHA256:FFA6CEDB1BBD1732
6521,CAM-016,Visat T Junction P2 RLVD,23.0984,72.5841,2026-09-03 09:12:49.162965,Car,Unknown,Vehicle,UNREADABLE-CAM-016-25186,51.1%,Green,338.6,SHA256:2E1BD1D71A3BB0AB
6522,CAM-016,Visat T Junction P2 RLVD,23.0984,72.5841,2026-09-03 09:12:49.165520,Car,Unknown,Vehicle,UNREADABLE-CAM-016-88763,46.2%,Blue,242.5,SHA256:68FB4247A3DB5445
6549,CAM-016,Visat T Junction P2 RLVD,23.0984,72.5841,2026-09-03 09:13:47.628108,Pedestrian,N/A,Pedestrian,PEDESTRIAN-CAM-016-88487,58.9%,Silver/Grey,0.0,SHA256:AE0607423FCE3861
6550,CAM-016,Visat T Junction P2 RLVD,23.0984,72.5841,2026-09-03 09:13:47.632546,Car,Unknown,Vehicle,UNREADABLE-CAM-016-19510,48.4%,Blue,252.9,SHA256:586EA0FFD217990B
6551,CAM-016,Visat T Junction P2 RLVD,23.0984,72.5841,2026-09-03 09:13:47.634318,Car,Unknown,Vehicle,UNREADABLE-CAM-016-38306,43.5%,White,654.6,SHA256:B981CF8614297DF5
6582,CAM-016,Visat T Junction P2 RLVD,23.0984,72.5841,2026-09-03 09:14:46.942003,Car,Unknown,Vehicle,UNREADABLE-CAM-016-46384,50.9%,Silver/Grey,410.2,SHA256:01F8C23DC62B7C15
6583,CAM-016,Visat T Junction P2 RLVD,23.0984,72.5841,2026-09-03 09:14:46.944088,Car,Unknown,Vehicle,UNREADABLE-CAM-016-83188,47.3%,Blue,253.5,SHA256:33D3EEE5974D88C0
6634,CAM-016,Visat T Junction P2 RLVD,23.0984,72.5841,2026-09-03 09:15:48.959071,Car,Unknown,Vehicle,UNREADABLE-CAM-016-43976,48.4%,Silver/Grey,397.7,SHA256:6295BFB933466489
6635,CAM-016,Visat T Junction P2 RLVD,23.0984,72.5841,2026-09-03 09:15:48.961905,Car,Unknown,Vehicle,UNREADABLE-CAM-016-22169,46.8%,Blue,250.7,SHA256:61C436FF49CB6DA1
6636,CAM-016,Visat T Junction P2 RLVD,23.0984,72.5841,2026-09-03 09:15:48.963428,Car,Unknown,Vehicle,UNREADABLE-CAM-016-77395,47.5%,White,368.9,SHA256:93A01670EF7C67EC
6689,CAM-016,Visat T Junction P2 RLVD,23.0984,72.5841,2026-09-03 09:16:50.251830,Car,Unknown,Vehicle,UNREADABLE-CAM-016-53045,50.2%,Silver/Grey,329.2,SHA256:5071CCED07A1E66D
6690,CAM-016,Visat T Junction P2 RLVD,23.0984,72.5841,2026-09-03 09:16:50.254325,Car,Unknown,Vehicle,UNREADABLE-CAM-016-31077,46.5%,Blue,256.4,SHA256:AEDD1A89B364961A
6730,CAM-016,Visat T Junction P2 RLVD,23.0984,72.5841,2026-09-03 09:17:50.391700,Car,Unknown,Vehicle,UNREADABLE-CAM-016-91524,35.8%,Silver/Grey,1817.0,SHA256:6D1CDC690FA5B4B1
6731,CAM-016,Visat T Junction P2 RLVD,23.0984,72.5841,2026-09-03 09:17:50.395366,Car,Unknown,Vehicle,UNREADABLE-CAM-016-93588,48.1%,Blue,379.9,SHA256:1FED22319F901F4B
6762,CAM-016,Visat T Junction P2 RLVD,23.0984,72.5841,2026-09-03 09:18:49.529682,Car,Unknown,Vehicle,UNREADABLE-CAM-016-37897,49.7%,Silver/Grey,359.9,SHA256:3A5DB1AEF6FE7FEE
6763,CAM-016,Visat T Junction P2 RLVD,23.0984,72.5841,2026-09-03 09:18:49.532364,Car,Unknown,Vehicle,UNREADABLE-CAM-016-36022,49.7%,Blue,330.5,SHA256:E440F8A9C15DA3BE
6783,CAM-016,Visat T Junction P2 RLVD,23.0984,72.5841,2026-09-03 09:19:47.418071,Car,Unknown,Vehicle,UNREADABLE-CAM-016-87001,51.0%,Silver/Grey,442.5,SHA256:684F22B673709A0A
6808,CAM-016,Visat T Junction P2 RLVD,23.0984,72.5841,2026-09-03 09:20:45.562661,Car,Unknown,Vehicle,UNREADABLE-CAM-016-78754,50.9%,Silver/Grey,363.3,SHA256:6CAE0323278127B0
6840,CAM-016,Visat T Junction P2 RLVD,23.0984,72.5841,2026-09-03 09:21:44.416952,Car,Unknown,Vehicle,UNREADABLE-CAM-016-47740,52.0%,Silver/Grey,403.3,SHA256:5BD41D4379865E20
6841,CAM-016,Visat T Junction P2 RLVD,23.0984,72.5841,2026-09-03 09:21:44.418940,Car,Unknown,Vehicle,UNREADABLE-CAM-016-99649,41.6%,Maroon/Dark,88.1,SHA256:778DB235EC97B27B
6842,CAM-016,Visat T Junction P2 RLVD,23.0984,72.5841,2026-09-03 09:21:44.420386,Car,Unknown,Vehicle,UNREADABLE-CAM-016-83555,36.2%,Blue,79.6,SHA256:002901E32EE8673F
6861,CAM-016,Visat T Junction P2 RLVD,23.0984,72.5841,2026-09-03 09:22:42.817583,Car,Unknown,Vehicle,UNREADABLE-CAM-016-95291,50.9%,Silver/Grey,434.5,SHA256:A15AF4F449BE7EB8
6862,CAM-016,Visat T Junction P2 RLVD,23.0984,72.5841,2026-09-03 09:22:42.820041,Car,Unknown,Vehicle,UNREADABLE-CAM-016-22221,39.0%,Red,91.4,SHA256:A4F5AEDBB3A4B4D3
6899,CAM-016,Visat T Junction P2 RLVD,23.0984,72.5841,2026-09-03 09:23:46.478285,Scooter,Unknown,Vehicle,UNREADABLE-CAM-016-21527,47.2%,Green,1576.2,SHA256:47EF54021E149DAE
6900,CAM-016,Visat T Junction P2 RLVD,23.0984,72.5841,2026-09-03 09:23:46.481676,Scooter,Unknown,Vehicle,UNREADABLE-CAM-016-99761,53.8%,Silver/Grey,264.8,SHA256:213DEFB9A1439ED0
6901,CAM-016,Visat T Junction P2 RLVD,23.0984,72.5841,2026-09-03 09:23:46.483438,Car,Unknown,Vehicle,UNREADABLE-CAM-016-33503,38.9%,White,30.9,SHA256:EE6911AD1859AB44
6902,CAM-016,Visat T Junction P2 RLVD,23.0984,72.5841,2026-09-03 09:23:46.484478,Car,Unknown,Vehicle,UNREADABLE-CAM-016-57743,51.7%,Blue,1204.0,SHA256:5A4A0E0D898AD8DA
6903,CAM-016,Visat T Junction P2 RLVD,23.0984,72.5841,2026-09-03 09:23:46.485456,Car,Unknown,Vehicle,UNREADABLE-CAM-016-38326,50.4%,Blue,795.7,SHA256:F84E9D9BF160E7BB
6904,CAM-016,Visat T Junction P2 RLVD,23.0984,72.5841,2026-09-03 09:23:46.486337,Car,Unknown,Vehicle,UNREADABLE-CAM-016-43900,39.9%,Green,510.0,SHA256:B22816D62CBB336E
6905,CAM-016,Visat T Junction P2 RLVD,23.0984,72.5841,2026-09-03 09:23:46.489215,Car,Unknown,Vehicle,UNREADABLE-CAM-016-33744,43.7%,Silver/Grey,129.9,SHA256:6A4856FA0F558416
6906,CAM-016,Visat T Junction P2 RLVD,23.0984,72.5841,2026-09-03 09:23:46.490260,Car,Unknown,Vehicle,UNREADABLE-CAM-016-73550,48.0%,Blue,906.7,SHA256:DE918BB34BFE2AB6
6986,CAM-016,Visat T Junction P2 RLVD,23.0984,72.5841,2026-09-03 09:24:58.647200,Scooter,Unknown,Vehicle,UNREADABLE-CAM-016-67697,48.0%,Blue,2712.3,SHA256:74A8998F4F59543F
6987,CAM-016,Visat T Junction P2 RLVD,23.0984,72.5841,2026-09-03 09:24:58.651217,Scooter,Unknown,Vehicle,UNREADABLE-CAM-016-31127,54.7%,Silver/Grey,255.5,SHA256:B662E9D203A57ADB
6988,CAM-016,Visat T Junction P2 RLVD,23.0984,72.5841,2026-09-03 09:24:58.652911,Car,Unknown,Vehicle,UNREADABLE-CAM-016-85695,53.1%,Blue,1175.8,SHA256:37B9B5579D9B4856
6989,CAM-016,Visat T Junction P2 RLVD,23.0984,72.5841,2026-09-03 09:24:58.654341,Ambulance,Unknown,Vehicle,UNREADABLE-CAM-016-88540,39.3%,White,45.0,SHA256:FE625ABA27987D10
6990,CAM-016,Visat T Junction P2 RLVD,23.0984,72.5841,2026-09-03 09:24:58.655697,Car,Unknown,Vehicle,UNREADABLE-CAM-016-88686,52.5%,Blue,462.3,SHA256:C9ED38317FD517A5
6991,CAM-016,Visat T Junction P2 RLVD,23.0984,72.5841,2026-09-03 09:24:58.656814,Car,Unknown,Vehicle,UNREADABLE-CAM-016-95696,45.9%,Green,124.7,SHA256:C8B9A983A55B550D
6992,CAM-016,Visat T Junction P2 RLVD,23.0984,72.5841,2026-09-03 09:24:58.659993,Car,Unknown,Vehicle,UNREADABLE-CAM-016-59058,46.9%,Blue,728.4,SHA256:5ED9A636500479CC
6993,CAM-016,Visat T Junction P2 RLVD,23.0984,72.5841,2026-09-03 09:24:58.661048,Car,Unknown,Vehicle,UNREADABLE-CAM-016-47048,43.5%,Silver/Grey,2065.2,SHA256:BAA25269D2BD51AB
7074,CAM-016,Visat T Junction P2 RLVD,23.0984,72.5841,2026-09-03 09:26:18.856485,Scooter,Unknown,Vehicle,UNREADABLE-CAM-016-95395,50.5%,Blue,1568.4,SHA256:A09524D3BD0312B7
7075,CAM-016,Visat T Junction P2 RLVD,23.0984,72.5841,2026-09-03 09:26:18.859577,Ambulance,Unknown,Vehicle,UNREADABLE-CAM-016-50103,44.6%,White,64.7,SHA256:37AF014D0BAEAFE7
7076,CAM-016,Visat T Junction P2 RLVD,23.0984,72.5841,2026-09-03 09:26:18.860855,Scooter,Unknown,Vehicle,UNREADABLE-CAM-016-44815,52.9%,Silver/Grey,236.6,SHA256:9924C1B418DDE3AF
7077,CAM-016,Visat T Junction P2 RLVD,23.0984,72.5841,2026-09-03 09:26:18.862440,Car,Unknown,Vehicle,UNREADABLE-CAM-016-19726,52.6%,Blue,1090.4,SHA256:B736A6BAFD9BA4BE
7078,CAM-016,Visat T Junction P2 RLVD,23.0984,72.5841,2026-09-03 09:26:18.863528,Car,Unknown,Vehicle,UNREADABLE-CAM-016-49144,43.9%,Green,112.9,SHA256:622510C308FE8985
7079,CAM-016,Visat T Junction P2 RLVD,23.0984,72.5841,2026-09-03 09:26:18.866907,Car,Unknown,Vehicle,UNREADABLE-CAM-016-25538,50.2%,Blue,507.2,SHA256:CF30DE5A6C4669A0
7080,CAM-016,Visat T Junction P2 RLVD,23.0984,72.5841,2026-09-03 09:26:18.868104,Car,Unknown,Vehicle,UNREADABLE-CAM-016-87947,51.7%,Blue,707.3,SHA256:FA20DB6673E38B84
7167,CAM-016,Visat T Junction P2 RLVD,23.0984,72.5841,2026-09-03 09:27:38.139624,Scooter,Unknown,Vehicle,UNREADABLE-CAM-016-57250,56.5%,Blue,1298.9,SHA256:82A54322D8345983
7168,CAM-016,Visat T Junction P2 RLVD,23.0984,72.5841,2026-09-03 09:27:38.143244,Scooter,Unknown,Vehicle,UNREADABLE-CAM-016-31321,54.4%,Silver/Grey,254.2,SHA256:43FAE1B90724FB8A
7169,CAM-016,Visat T Junction P2 RLVD,23.0984,72.5841,2026-09-03 09:27:38.145313,Ambulance,Unknown,Vehicle,UNREADABLE-CAM-016-96746,48.3%,White,160.5,SHA256:104CE2D205DF1189
7170,CAM-016,Visat T Junction P2 RLVD,23.0984,72.5841,2026-09-03 09:27:38.146646,Car,Unknown,Vehicle,UNREADABLE-CAM-016-37152,48.8%,Blue,278.3,SHA256:CBC44D204E746BE6
7171,CAM-016,Visat T Junction P2 RLVD,23.0984,72.5841,2026-09-03 09:27:38.147864,Car,Unknown,Vehicle,UNREADABLE-CAM-016-77898,53.4%,Blue,605.5,SHA256:BD60D720B3B37A67
7172,CAM-016,Visat T Junction P2 RLVD,23.0984,72.5841,2026-09-03 09:27:38.148909,Car,Unknown,Vehicle,UNREADABLE-CAM-016-76092,43.6%,Green,113.0,SHA256:E84829C56E53C251
7173,CAM-016,Visat T Junction P2 RLVD,23.0984,72.5841,2026-09-03 09:27:38.152083,Car,Unknown,Vehicle,UNREADABLE-CAM-016-16872,50.5%,Blue,861.5,SHA256:215DD64896D98DB6
7174,CAM-016,Visat T Junction P2 RLVD,23.0984,72.5841,2026-09-03 09:27:38.153424,Car,Unknown,Vehicle,UNREADABLE-CAM-016-46045,48.2%,Blue,493.9,SHA256:737C8E9E13B1CB3F
7175,CAM-016,Visat T Junction P2 RLVD,23.0984,72.5841,2026-09-03 09:27:38.154546,Car,Unknown,Vehicle,UNREADABLE-CAM-016-85161,48.1%,Silver/Grey,1704.4,SHA256:587B272EB74769AF
7176,CAM-016,Visat T Junction P2 RLVD,23.0984,72.5841,2026-09-03 09:27:38.155753,Van,Unknown,Vehicle,UNREADABLE-CAM-016-51530,43.1%,White,208.9,SHA256:EB43F154E6D23EEA
7276,CAM-016,Visat T Junction P2 RLVD,23.0984,72.5841,2026-09-03 09:28:58.740659,Scooter,Unknown,Vehicle,UNREADABLE-CAM-016-49989,46.1%,Blue,3891.2,SHA256:A0E6ED8EF9A568CF
7277,CAM-016,Visat T Junction P2 RLVD,23.0984,72.5841,2026-09-03 09:28:58.744896,Ambulance,Unknown,Vehicle,UNREADABLE-CAM-016-44204,52.9%,White,281.1,SHA256:E8259D5CCF6ECE5A
7278,CAM-016,Visat T Junction P2 RLVD,23.0984,72.5841,2026-09-03 09:28:58.746186,Scooter,Unknown,Vehicle,UNREADABLE-CAM-016-11979,53.5%,Silver/Grey,249.0,SHA256:0DE92355B15A1B82
7279,CAM-016,Visat T Junction P2 RLVD,23.0984,72.5841,2026-09-03 09:28:58.747576,Car,Unknown,Vehicle,UNREADABLE-CAM-016-11144,28.0%,Green,6.4,SHA256:8C13312F59FC1B24
7280,CAM-016,Visat T Junction P2 RLVD,23.0984,72.5841,2026-09-03 09:28:58.750603,Car,Unknown,Vehicle,UNREADABLE-CAM-016-84554,51.1%,Blue,658.4,SHA256:0E0AC85EE841F244
7281,CAM-016,Visat T Junction P2 RLVD,23.0984,72.5841,2026-09-03 09:28:58.751720,Car,Unknown,Vehicle,UNREADABLE-CAM-016-67755,48.9%,Blue,708.4,SHA256:C25B5F7BEDBF6AB4
7282,CAM-016,Visat T Junction P2 RLVD,23.0984,72.5841,2026-09-03 09:28:58.753247,Car,Unknown,Vehicle,UNREADABLE-CAM-016-32482,49.0%,Silver/Grey,1259.2,SHA256:4F66AE4DA58AF9EA
7283,CAM-016,Visat T Junction P2 RLVD,23.0984,72.5841,2026-09-03 09:28:58.754524,Car,Unknown,Vehicle,UNREADABLE-CAM-016-76580,51.0%,Blue,1308.3,SHA256:5B2658EBCBEF68B6
7374,CAM-016,Visat T Junction P2 RLVD,23.0984,72.5841,2026-09-03 09:30:21.074792,Scooter,Unknown,Vehicle,UNREADABLE-CAM-016-92676,45.5%,Blue,2326.6,SHA256:488E7493CB10916C
7375,CAM-016,Visat T Junction P2 RLVD,23.0984,72.5841,2026-09-03 09:30:21.078495,Scooter,Unknown,Vehicle,UNREADABLE-CAM-016-99495,52.3%,Silver/Grey,253.2,SHA256:8C6E68DD2800B251
7376,CAM-016,Visat T Junction P2 RLVD,23.0984,72.5841,2026-09-03 09:30:21.079894,Ambulance,Unknown,Vehicle,UNREADABLE-CAM-016-10818,54.5%,White,327.9,SHA256:E2BC6EB6D0EA4098
7377,CAM-016,Visat T Junction P2 RLVD,23.0984,72.5841,2026-09-03 09:30:21.081088,Car,Unknown,Vehicle,UNREADABLE-CAM-016-28636,52.1%,Blue,686.3,SHA256:2F5952FEF56306DC
7378,CAM-016,Visat T Junction P2 RLVD,23.0984,72.5841,2026-09-03 09:30:21.081998,Car,Unknown,Vehicle,UNREADABLE-CAM-016-11384,42.0%,Green,111.1,SHA256:7EE54AED6665B0A1
7379,CAM-016,Visat T Junction P2 RLVD,23.0984,72.5841,2026-09-03 09:30:21.084905,Car,Unknown,Vehicle,UNREADABLE-CAM-016-85191,51.1%,Blue,760.6,SHA256:BA905EA74F29673F
7380,CAM-016,Visat T Junction P2 RLVD,23.0984,72.5841,2026-09-03 09:30:21.086209,Car,Unknown,Vehicle,UNREADABLE-CAM-016-49112,44.2%,Silver/Grey,137.0,SHA256:0FB3E4BDE03C9AAB
7381,CAM-016,Visat T Junction P2 RLVD,23.0984,72.5841,2026-09-03 09:30:21.087263,Car,Unknown,Vehicle,UNREADABLE-CAM-016-49083,48.8%,Silver/Grey,1559.5,SHA256:049BD00EE9A3FEBD
7382,CAM-016,Visat T Junction P2 RLVD,23.0984,72.5841,2026-09-03 09:30:21.088240,Ambulance,Unknown,Vehicle,UNREADABLE-CAM-016-46422,40.5%,Silver/Grey,84.4,SHA256:F52E24959DB1323F
7383,CAM-016,Visat T Junction P2 RLVD,23.0984,72.5841,2026-09-03 09:30:21.089162,Car,Unknown,Vehicle,UNREADABLE-CAM-016-85433,46.6%,Blue,1345.2,SHA256:0099428AE96CFBAD
7384,CAM-016,Visat T Junction P2 RLVD,23.0984,72.5841,2026-09-03 09:30:21.090047,Ambulance,Unknown,Vehicle,UNREADABLE-CAM-016-38391,42.7%,Silver/Grey,161.0,SHA256:557E5E46903FAA55
7507,CAM-016,Visat T Junction P2 RLVD,23.0984,72.5841,2026-09-03 09:31:39.931019,Scooter,Unknown,Vehicle,UNREADABLE-CAM-016-74772,47.6%,Blue,3057.7,SHA256:345669D61C9040D2
7508,CAM-016,Visat T Junction P2 RLVD,23.0984,72.5841,2026-09-03 09:31:39.934198,Scooter,Unknown,Vehicle,UNREADABLE-CAM-016-74288,53.6%,Silver/Grey,263.5,SHA256:09BF758374A7442F
7509,CAM-016,Visat T Junction P2 RLVD,23.0984,72.5841,2026-09-03 09:31:39.935880,Car,Unknown,Vehicle,UNREADABLE-CAM-016-28099,46.8%,Blue,225.6,SHA256:77A194706379CDDC
7510,CAM-016,Visat T Junction P2 RLVD,23.0984,72.5841,2026-09-03 09:31:39.938773,Car,Unknown,Vehicle,UNREADABLE-CAM-016-32575,52.5%,Blue,963.5,SHA256:FED49B9012259F11
7511,CAM-016,Visat T Junction P2 RLVD,23.0984,72.5841,2026-09-03 09:31:39.940269,Car,Unknown,Vehicle,UNREADABLE-CAM-016-83304,39.4%,Green,438.0,SHA256:BAE84B9A7D239EE2
7512,CAM-016,Visat T Junction P2 RLVD,23.0984,72.5841,2026-09-03 09:31:39.943456,Ambulance,Unknown,Vehicle,UNREADABLE-CAM-016-14978,39.0%,Silver/Grey,58.4,SHA256:F6D197013BC26416
7513,CAM-016,Visat T Junction P2 RLVD,23.0984,72.5841,2026-09-03 09:31:39.944891,Car,Unknown,Vehicle,UNREADABLE-CAM-016-54234,40.3%,Silver/Grey,104.4,SHA256:E05F5300D9A86A2B
7514,CAM-016,Visat T Junction P2 RLVD,23.0984,72.5841,2026-09-03 09:31:39.946416,Car,Unknown,Vehicle,UNREADABLE-CAM-016-99263,47.0%,White,335.7,SHA256:D3D10D7949804DED
7515,CAM-016,Visat T Junction P2 RLVD,23.0984,72.5841,2026-09-03 09:31:39.947873,Ambulance,Unknown,Vehicle,UNREADABLE-CAM-016-70620,45.9%,White,321.9,SHA256:F0BD26406C5B19D9
7623,CAM-016,Visat T Junction P2 RLVD,23.0984,72.5841,2026-09-03 09:32:59.758851,Scooter,Unknown,Vehicle,UNREADABLE-CAM-016-48516,45.7%,Blue,3125.2,SHA256:A61DD73940D2C305
7624,CAM-016,Visat T Junction P2 RLVD,23.0984,72.5841,2026-09-03 09:32:59.764509,Scooter,Unknown,Vehicle,UNREADABLE-CAM-016-96864,52.5%,Silver/Grey,266.3,SHA256:93C75D2701BD5545
7625,CAM-016,Visat T Junction P2 RLVD,23.0984,72.5841,2026-09-03 09:32:59.766248,Car,Unknown,Vehicle,UNREADABLE-CAM-016-91442,43.8%,Green,119.6,SHA256:184BD7EF00EF90E7
7626,CAM-016,Visat T Junction P2 RLVD,23.0984,72.5841,2026-09-03 09:32:59.769739,Car,Unknown,Vehicle,UNREADABLE-CAM-016-37463,52.0%,Blue,413.4,SHA256:ED80531D561424D0
7627,CAM-016,Visat T Junction P2 RLVD,23.0984,72.5841,2026-09-03 09:32:59.771170,Car,Unknown,Vehicle,UNREADABLE-CAM-016-36674,49.2%,Blue,586.1,SHA256:D92D284F9D87B96A
7628,CAM-016,Visat T Junction P2 RLVD,23.0984,72.5841,2026-09-03 09:32:59.772662,Car,Unknown,Vehicle,UNREADABLE-CAM-016-38011,45.6%,Silver/Grey,173.8,SHA256:DF6EE02D8D612D2C
7629,CAM-016,Visat T Junction P2 RLVD,23.0984,72.5841,2026-09-03 09:32:59.773951,Car,Unknown,Vehicle,UNREADABLE-CAM-016-92889,47.7%,White,444.1,SHA256:AB8C82DD13FA5491
7630,CAM-016,Visat T Junction P2 RLVD,23.0984,72.5841,2026-09-03 09:32:59.775101,Transit Bus,Unknown,Vehicle,UNREADABLE-CAM-016-89585,47.6%,White,398.6,SHA256:950BD53F3CA6F748
7631,CAM-016,Visat T Junction P2 RLVD,23.0984,72.5841,2026-09-03 09:32:59.776388,Van,Unknown,Vehicle,UNREADABLE-CAM-016-17511,47.7%,White,400.9,SHA256:83416FF13B8CC6C2
7727,CAM-016,Visat T Junction P2 RLVD,23.0984,72.5841,2026-09-03 09:34:14.194983,Scooter,Unknown,Vehicle,UNREADABLE-CAM-016-45056,48.0%,Blue,2006.4,SHA256:B4214A4B24176F66
7728,CAM-016,Visat T Junction P2 RLVD,23.0984,72.5841,2026-09-03 09:34:14.199142,Scooter,Unknown,Vehicle,UNREADABLE-CAM-016-82627,54.7%,Silver/Grey,261.8,SHA256:3D79F84B03289AB7
7729,CAM-016,Visat T Junction P2 RLVD,23.0984,72.5841,2026-09-03 09:34:14.200983,Car,Unknown,Vehicle,UNREADABLE-CAM-016-98651,48.8%,Silver/Grey,198.7,SHA256:43D11DDE76791434
7730,CAM-016,Visat T Junction P2 RLVD,23.0984,72.5841,2026-09-03 09:34:14.202362,Car,Unknown,Vehicle,UNREADABLE-CAM-016-38549,43.9%,Green,114.9,SHA256:46DF763130DBA446
7731,CAM-016,Visat T Junction P2 RLVD,23.0984,72.5841,2026-09-03 09:34:14.205978,Car,Unknown,Vehicle,UNREADABLE-CAM-016-19564,51.5%,Blue,248.6,SHA256:5C6B702D0E226F30
7732,CAM-016,Visat T Junction P2 RLVD,23.0984,72.5841,2026-09-03 09:34:14.207531,Ambulance,Unknown,Vehicle,UNREADABLE-CAM-016-38790,53.0%,White,686.1,SHA256:4AB49BF441746857
7733,CAM-016,Visat T Junction P2 RLVD,23.0984,72.5841,2026-09-03 09:34:14.208814,Car,Unknown,Vehicle,UNREADABLE-CAM-016-75506,50.5%,White,693.1,SHA256:C8C1D09EEA374BCA
7734,CAM-016,Visat T Junction P2 RLVD,23.0984,72.5841,2026-09-03 09:34:14.210067,Car,Unknown,Vehicle,UNREADABLE-CAM-016-15495,45.7%,Blue,311.5,SHA256:C6952879A0F51547
7801,CAM-016,Visat T Junction P2 RLVD,23.0984,72.5841,2026-09-03 09:35:19.599875,Scooter,Unknown,Vehicle,UNREADABLE-CAM-016-82457,46.5%,Blue,2072.8,SHA256:4B6D577BF6402D66
7802,CAM-016,Visat T Junction P2 RLVD,23.0984,72.5841,2026-09-03 09:35:19.604085,Scooter,Unknown,Vehicle,UNREADABLE-CAM-016-38629,47.7%,Silver/Grey,145.3,SHA256:8FF1239429AE5D19
7803,CAM-016,Visat T Junction P2 RLVD,23.0984,72.5841,2026-09-03 09:35:19.606373,Ambulance,Unknown,Vehicle,UNREADABLE-CAM-016-71194,54.7%,White,591.9,SHA256:51F21C85CA260AB1
7804,CAM-016,Visat T Junction P2 RLVD,23.0984,72.5841,2026-09-03 09:35:19.607839,Car,Unknown,Vehicle,UNREADABLE-CAM-016-78193,50.2%,Blue,302.7,SHA256:E1D804D6053C561A
7805,CAM-016,Visat T Junction P2 RLVD,23.0984,72.5841,2026-09-03 09:35:19.609018,Car,Unknown,Vehicle,UNREADABLE-CAM-016-42583,32.8%,Blue,33.0,SHA256:9E8EB48958BBC034
7806,CAM-016,Visat T Junction P2 RLVD,23.0984,72.5841,2026-09-03 09:35:19.612630,Car,Unknown,Vehicle,UNREADABLE-CAM-016-99100,48.7%,Silver/Grey,214.1,SHA256:62B1D25AFB1DE423
7872,CAM-016,Visat T Junction P2 RLVD,23.0984,72.5841,2026-09-03 09:36:27.848133,Scooter,Unknown,Vehicle,UNREADABLE-CAM-016-57558,47.9%,Blue,1379.5,SHA256:557F73FE6DEAE0B2
7873,CAM-016,Visat T Junction P2 RLVD,23.0984,72.5841,2026-09-03 09:36:27.851277,Scooter,Unknown,Vehicle,UNREADABLE-CAM-016-91975,51.6%,Silver/Grey,264.8,SHA256:204B0922A7C027FD
7874,CAM-016,Visat T Junction P2 RLVD,23.0984,72.5841,2026-09-03 09:36:27.853054,Ambulance,Unknown,Vehicle,UNREADABLE-CAM-016-67533,54.0%,White,606.2,SHA256:25A44A63B41344D4
7875,CAM-016,Visat T Junction P2 RLVD,23.0984,72.5841,2026-09-03 09:36:27.854647,Car,Unknown,Vehicle,UNREADABLE-CAM-016-77895,40.4%,Blue,403.5,SHA256:2FE21C14E3CC45CC
7876,CAM-016,Visat T Junction P2 RLVD,23.0984,72.5841,2026-09-03 09:36:27.858139,Car,Unknown,Vehicle,UNREADABLE-CAM-016-69135,45.6%,Silver/Grey,149.3,SHA256:1BDA48D924F17183
7877,CAM-016,Visat T Junction P2 RLVD,23.0984,72.5841,2026-09-03 09:36:27.859778,Car,Unknown,Vehicle,UNREADABLE-CAM-016-90903,41.2%,Silver/Grey,164.8,SHA256:D68F7E74DA0AA8B4
7878,CAM-016,Visat T Junction P2 RLVD,23.0984,72.5841,2026-09-03 09:36:27.861355,Car,Unknown,Vehicle,UNREADABLE-CAM-016-20312,44.2%,Blue,449.9,SHA256:4E13929BD5510FEC
7927,CAM-016,Visat T Junction P2 RLVD,23.0984,72.5841,2026-09-03 09:37:39.536523,Scooter,Unknown,Vehicle,UNREADABLE-CAM-016-87750,50.1%,Blue,2010.2,SHA256:BFF07E189EBBCA96
7928,CAM-016,Visat T Junction P2 RLVD,23.0984,72.5841,2026-09-03 09:37:39.539657,Scooter,Unknown,Vehicle,UNREADABLE-CAM-016-89952,53.6%,Silver/Grey,259.3,SHA256:356D420E8453AE4E
7929,CAM-016,Visat T Junction P2 RLVD,23.0984,72.5841,2026-09-03 09:37:39.541563,Ambulance,Unknown,Vehicle,UNREADABLE-CAM-016-99766,52.4%,White,600.1,SHA256:F38BE3BEF85D7980
7930,CAM-016,Visat T Junction P2 RLVD,23.0984,72.5841,2026-09-03 09:37:39.543040,Car,Unknown,Vehicle,UNREADABLE-CAM-016-41084,41.6%,Blue,428.4,SHA256:4A7E17F25307968A
7931,CAM-016,Visat T Junction P2 RLVD,23.0984,72.5841,2026-09-03 09:37:39.546699,Car,Unknown,Vehicle,UNREADABLE-CAM-016-21484,50.6%,Silver/Grey,231.4,SHA256:3BCB68604236CDA1
7976,CAM-016,Visat T Junction P2 RLVD,23.0984,72.5841,2026-09-03 09:38:47.488900,Scooter,Unknown,Vehicle,UNREADABLE-CAM-016-36999,52.3%,Blue,2356.3,SHA256:93681835187CB610
7977,CAM-016,Visat T Junction P2 RLVD,23.0984,72.5841,2026-09-03 09:38:47.493743,Scooter,Unknown,Vehicle,UNREADABLE-CAM-016-65132,51.5%,Silver/Grey,251.3,SHA256:FBA933EC3E393E8E
7978,CAM-016,Visat T Junction P2 RLVD,23.0984,72.5841,2026-09-03 09:38:47.496021,Ambulance,Unknown,Vehicle,UNREADABLE-CAM-016-94166,53.3%,White,573.3,SHA256:F221997D4616D619
7979,CAM-016,Visat T Junction P2 RLVD,23.0984,72.5841,2026-09-03 09:38:47.497786,Car,Unknown,Vehicle,UNREADABLE-CAM-016-28128,44.0%,Blue,110.8,SHA256:59D94CE0DBC4062D
8021,CAM-016,Visat T Junction P2 RLVD,23.0984,72.5841,2026-09-03 09:39:57.841496,Scooter,Unknown,Vehicle,UNREADABLE-CAM-016-66107,46.2%,Blue,2442.8,SHA256:7161D74CE6331228
8022,CAM-016,Visat T Junction P2 RLVD,23.0984,72.5841,2026-09-03 09:39:57.845508,Scooter,Unknown,Vehicle,UNREADABLE-CAM-016-19670,51.5%,Silver/Grey,258.1,SHA256:16DCED7F58A0B3D1
8023,CAM-016,Visat T Junction P2 RLVD,23.0984,72.5841,2026-09-03 09:39:57.847899,Ambulance,Unknown,Vehicle,UNREADABLE-CAM-016-76071,54.4%,White,513.9,SHA256:2E6578D17554CFE2
8024,CAM-016,Visat T Junction P2 RLVD,23.0984,72.5841,2026-09-03 09:39:57.849829,Car,Unknown,Vehicle,UNREADABLE-CAM-016-77288,41.2%,Blue,485.4,SHA256:4361F1A8A5084B19
8025,CAM-016,Visat T Junction P2 RLVD,23.0984,72.5841,2026-09-03 09:39:57.853750,Truck,Unknown,Vehicle,UNREADABLE-CAM-016-80682,49.6%,Blue,250.7,SHA256:2EBA4E8E9594973C
8026,CAM-016,Visat T Junction P2 RLVD,23.0984,72.5841,2026-09-03 09:39:57.855190,Scooter,Unknown,Vehicle,UNREADABLE-CAM-016-35667,42.9%,Blue,217.3,SHA256:60EB5615F6C2B75F
8082,CAM-016,Visat T Junction P2 RLVD,23.0984,72.5841,2026-09-03 09:41:07.415284,Scooter,Unknown,Vehicle,UNREADABLE-CAM-016-69129,53.7%,Blue,2212.2,SHA256:A78E89F105A46AB8
8083,CAM-016,Visat T Junction P2 RLVD,23.0984,72.5841,2026-09-03 09:41:07.419127,Scooter,Unknown,Vehicle,UNREADABLE-CAM-016-92109,54.7%,Silver/Grey,251.7,SHA256:40470D6A93C45A2E
8084,CAM-016,Visat T Junction P2 RLVD,23.0984,72.5841,2026-09-03 09:41:07.421021,Car,Unknown,Vehicle,UNREADABLE-CAM-016-44789,26.4%,Blue,8.8,SHA256:8492A4DF910F9258
8085,CAM-016,Visat T Junction P2 RLVD,23.0984,72.5841,2026-09-03 09:41:07.424493,Car,Unknown,Vehicle,UNREADABLE-CAM-016-93959,50.0%,White,664.0,SHA256:40BF63FF611AE927
8086,CAM-016,Visat T Junction P2 RLVD,23.0984,72.5841,2026-09-03 09:41:07.425906,Car,Unknown,Vehicle,UNREADABLE-CAM-016-56024,46.3%,Silver/Grey,1020.4,SHA256:A2781AF4C3907E6B
8087,CAM-016,Visat T Junction P2 RLVD,23.0984,72.5841,2026-09-03 09:41:07.427241,Car,Unknown,Vehicle,UNREADABLE-CAM-016-39325,40.6%,Maroon/Dark,151.1,SHA256:38B41FD51840A030
8088,CAM-016,Visat T Junction P2 RLVD,23.0984,72.5841,2026-09-03 09:41:07.428731,Car,Unknown,Vehicle,UNREADABLE-CAM-016-64360,41.7%,Maroon/Dark,165.2,SHA256:E4DBD9F2A831F515
8147,CAM-016,Visat T Junction P2 RLVD,23.0984,72.5841,2026-09-03 09:42:17.782988,Scooter,Unknown,Vehicle,UNREADABLE-CAM-016-62291,50.4%,Blue,1380.5,SHA256:FC77133CC4BF2900
8148,CAM-016,Visat T Junction P2 RLVD,23.0984,72.5841,2026-09-03 09:42:17.787510,Scooter,Unknown,Vehicle,UNREADABLE-CAM-016-94885,53.1%,Silver/Grey,253.1,SHA256:7CA04196E3B5DFD0
8149,CAM-016,Visat T Junction P2 RLVD,23.0984,72.5841,2026-09-03 09:42:17.789478,Car,Unknown,Vehicle,UNREADABLE-CAM-016-97270,39.9%,Blue,327.0,SHA256:E451FB79D055D4B0
8150,CAM-016,Visat T Junction P2 RLVD,23.0984,72.5841,2026-09-03 09:42:17.792633,Car,Unknown,Vehicle,UNREADABLE-CAM-016-22674,50.3%,Silver/Grey,1369.4,SHA256:F33919F370B51400
8151,CAM-016,Visat T Junction P2 RLVD,23.0984,72.5841,2026-09-03 09:42:17.794331,Truck,Unknown,Vehicle,UNREADABLE-CAM-016-83786,48.6%,Blue,248.4,SHA256:B834E38484E63C7A
8152,CAM-016,Visat T Junction P2 RLVD,23.0984,72.5841,2026-09-03 09:42:17.795848,Auto-Rickshaw,Unknown,Vehicle,UNREADABLE-CAM-016-61475,47.4%,White,827.5,SHA256:F7E50F810E391DB1
8153,CAM-016,Visat T Junction P2 RLVD,23.0984,72.5841,2026-09-03 09:42:17.797282,Car,Unknown,Vehicle,UNREADABLE-CAM-016-51140,46.8%,Green,325.7,SHA256:0156D218E9B79FAE
8223,CAM-016,Visat T Junction P2 RLVD,23.0984,72.5841,2026-09-03 09:43:28.515392,Scooter,Unknown,Vehicle,UNREADABLE-CAM-016-44599,51.5%,Blue,1180.2,SHA256:8BBFE1658F41E2AA
8224,CAM-016,Visat T Junction P2 RLVD,23.0984,72.5841,2026-09-03 09:43:28.520061,Scooter,Unknown,Vehicle,UNREADABLE-CAM-016-64642,29.1%,Silver/Grey,17.1,SHA256:A149BF1EAC6AB109
8225,CAM-016,Visat T Junction P2 RLVD,23.0984,72.5841,2026-09-03 09:43:28.521839,Truck,Unknown,Vehicle,UNREADABLE-CAM-016-77372,51.8%,Blue,369.1,SHA256:E24B2A97762F76E5
8226,CAM-016,Visat T Junction P2 RLVD,23.0984,72.5841,2026-09-03 09:43:28.523275,Car,Unknown,Vehicle,UNREADABLE-CAM-016-45525,51.7%,Silver/Grey,1056.1,SHA256:6EE239D8FE4F11F1
8227,CAM-016,Visat T Junction P2 RLVD,23.0984,72.5841,2026-09-03 09:43:28.524439,Car,Unknown,Vehicle,UNREADABLE-CAM-016-94711,49.9%,Silver/Grey,723.6,SHA256:64B7C7BBD053808D
8228,CAM-016,Visat T Junction P2 RLVD,23.0984,72.5841,2026-09-03 09:43:28.525786,Car,Unknown,Vehicle,UNREADABLE-CAM-016-83440,38.4%,Blue,448.3,SHA256:4FBF2F0480EB58B1
8229,CAM-016,Visat T Junction P2 RLVD,23.0984,72.5841,2026-09-03 09:43:28.529234,Car,Unknown,Vehicle,UNREADABLE-CAM-016-36593,37.8%,Red,119.8,SHA256:0C0BAA06CF607618
8309,CAM-016,Visat T Junction P2 RLVD,23.0984,72.5841,2026-09-03 09:44:41.557332,Scooter,Unknown,Vehicle,UNREADABLE-CAM-016-11238,49.8%,Blue,1244.6,SHA256:5682FCE2125F89AF
8310,CAM-016,Visat T Junction P2 RLVD,23.0984,72.5841,2026-09-03 09:44:41.560839,Scooter,Unknown,Vehicle,UNREADABLE-CAM-016-56386,30.5%,Silver/Grey,36.5,SHA256:C5C1C4657304F3A4
8311,CAM-016,Visat T Junction P2 RLVD,23.0984,72.5841,2026-09-03 09:44:41.562628,Car,Unknown,Vehicle,UNREADABLE-CAM-016-69005,50.9%,Silver/Grey,3202.6,SHA256:D31C282F6C88F01D
8312,CAM-016,Visat T Junction P2 RLVD,23.0984,72.5841,2026-09-03 09:44:41.563761,Truck,Unknown,Vehicle,UNREADABLE-CAM-016-13977,50.3%,Blue,469.9,SHA256:1500A338E10537E7
8313,CAM-016,Visat T Junction P2 RLVD,23.0984,72.5841,2026-09-03 09:44:41.564943,Car,Unknown,Vehicle,UNREADABLE-CAM-016-59350,40.9%,Green,112.3,SHA256:9E68904DB57B9573
8314,CAM-016,Visat T Junction P2 RLVD,23.0984,72.5841,2026-09-03 09:44:41.568212,Car,Unknown,Vehicle,UNREADABLE-CAM-016-91004,47.0%,Silver/Grey,1976.4,SHA256:B1248A5E0BDBCA44
8315,CAM-016,Visat T Junction P2 RLVD,23.0984,72.5841,2026-09-03 09:44:41.569625,Scooter,Unknown,Vehicle,UNREADABLE-CAM-016-87112,40.7%,Maroon/Dark,183.8,SHA256:E4B510853ED2E8B8
8316,CAM-016,Visat T Junction P2 RLVD,23.0984,72.5841,2026-09-03 09:44:41.570583,Car,Unknown,Vehicle,UNREADABLE-CAM-016-51697,45.0%,Silver/Grey,958.7,SHA256:9BA109960262745E
8317,CAM-016,Visat T Junction P2 RLVD,23.0984,72.5841,2026-09-03 09:44:41.571638,Van,Unknown,Vehicle,UNREADABLE-CAM-016-25723,45.9%,White,914.6,SHA256:DA8896DFC605AB99
8318,CAM-016,Visat T Junction P2 RLVD,23.0984,72.5841,2026-09-03 09:44:41.572582,Scooter,Unknown,Vehicle,UNREADABLE-CAM-016-62311,38.0%,Blue,1706.5,SHA256:EECAB1B6CC55B397
8319,CAM-016,Visat T Junction P2 RLVD,23.0984,72.5841,2026-09-03 09:44:41.574253,Car,Unknown,Vehicle,UNREADABLE-CAM-016-10685,45.9%,Silver/Grey,2684.7,SHA256:6510B94B26747DC4
8320,CAM-016,Visat T Junction P2 RLVD,23.0984,72.5841,2026-09-03 09:44:41.575155,Car,Unknown,Vehicle,UNREADABLE-CAM-016-99210,39.2%,Red,180.5,SHA256:6E1C4AC90A8B3296
8426,CAM-016,Visat T Junction P2 RLVD,23.0984,72.5841,2026-09-03 09:46:07.376582,Van,Unknown,Vehicle,UNREADABLE-CAM-016-22445,52.9%,White,318.1,SHA256:70FEC4FC87B75901
8427,CAM-016,Visat T Junction P2 RLVD,23.0984,72.5841,2026-09-03 09:46:07.378684,Scooter,Unknown,Vehicle,UNREADABLE-CAM-016-63028,42.0%,Blue,1102.5,SHA256:71C8060516937EB7
8428,CAM-016,Visat T Junction P2 RLVD,23.0984,72.5841,2026-09-03 09:46:07.381007,Scooter,Unknown,Vehicle,UNREADABLE-CAM-016-90368,53.6%,Silver/Grey,248.9,SHA256:90531FFE09066203
8429,CAM-016,Visat T Junction P2 RLVD,23.0984,72.5841,2026-09-03 09:46:07.382587,Car,Unknown,Vehicle,UNREADABLE-CAM-016-93865,52.2%,Silver/Grey,1164.3,SHA256:62168F195DE0CA82
8430,CAM-016,Visat T Junction P2 RLVD,23.0984,72.5841,2026-09-03 09:46:07.383547,Car,Unknown,Vehicle,UNREADABLE-CAM-016-31636,52.2%,Silver/Grey,687.2,SHA256:8FD38802A245D696
8431,CAM-016,Visat T Junction P2 RLVD,23.0984,72.5841,2026-09-03 09:46:07.384860,Car,Unknown,Vehicle,UNREADABLE-CAM-016-66353,48.8%,Silver/Grey,1535.7,SHA256:878E417DA707BC61
8432,CAM-016,Visat T Junction P2 RLVD,23.0984,72.5841,2026-09-03 09:46:07.385935,Car,Unknown,Vehicle,UNREADABLE-CAM-016-82515,47.1%,Silver/Grey,1935.0,SHA256:8B0A839B777CE268
8433,CAM-016,Visat T Junction P2 RLVD,23.0984,72.5841,2026-09-03 09:46:07.386912,Car,Unknown,Vehicle,UNREADABLE-CAM-016-28880,36.9%,White,53.7,SHA256:247DE414CFCFE60D
8434,CAM-016,Visat T Junction P2 RLVD,23.0984,72.5841,2026-09-03 09:46:07.387858,Car,Unknown,Vehicle,UNREADABLE-CAM-016-69275,38.8%,Green,97.2,SHA256:07404683EFF3B168
8435,CAM-016,Visat T Junction P2 RLVD,23.0984,72.5841,2026-09-03 09:46:07.390853,Car,Unknown,Vehicle,UNREADABLE-CAM-016-50595,46.8%,Green,520.5,SHA256:F79EE5E1FF2DDC08
8436,CAM-016,Visat T Junction P2 RLVD,23.0984,72.5841,2026-09-03 09:46:07.391798,Car,Unknown,Vehicle,UNREADABLE-CAM-016-15766,42.8%,Red,220.9,SHA256:AE34AD7D236D576A
8560,CAM-016,Visat T Junction P2 RLVD,23.0984,72.5841,2026-09-03 09:47:29.707352,Scooter,Unknown,Vehicle,UNREADABLE-CAM-016-90135,45.0%,Blue,1676.0,SHA256:B836F4106BD4C7AA
8561,CAM-016,Visat T Junction P2 RLVD,23.0984,72.5841,2026-09-03 09:47:29.712901,Scooter,Unknown,Vehicle,UNREADABLE-CAM-016-63579,51.5%,Silver/Grey,264.8,SHA256:6B3019A2470D386E
8562,CAM-016,Visat T Junction P2 RLVD,23.0984,72.5841,2026-09-03 09:47:29.714577,Van,Unknown,Vehicle,UNREADABLE-CAM-016-53829,53.2%,White,360.5,SHA256:0870B3FE56A0E5C5
8563,CAM-016,Visat T Junction P2 RLVD,23.0984,72.5841,2026-09-03 09:47:29.715796,Car,Unknown,Vehicle,UNREADABLE-CAM-016-54775,49.4%,Silver/Grey,987.9,SHA256:8923B6EE583E65C5
8564,CAM-016,Visat T Junction P2 RLVD,23.0984,72.5841,2026-09-03 09:47:29.716766,Scooter,Unknown,Vehicle,UNREADABLE-CAM-016-51383,47.7%,Blue,769.4,SHA256:FF2CFF1CFCF8EF29
8565,CAM-016,Visat T Junction P2 RLVD,23.0984,72.5841,2026-09-03 09:47:29.717763,Car,Unknown,Vehicle,UNREADABLE-CAM-016-42740,48.5%,Silver/Grey,557.7,SHA256:FF938D9C902A85C3
8566,CAM-016,Visat T Junction P2 RLVD,23.0984,72.5841,2026-09-03 09:47:29.718784,Car,Unknown,Vehicle,UNREADABLE-CAM-016-32890,46.2%,White,234.6,SHA256:48A77753E482C211
8567,CAM-016,Visat T Junction P2 RLVD,23.0984,72.5841,2026-09-03 09:47:29.720036,Ambulance,Unknown,Vehicle,UNREADABLE-CAM-016-13339,56.7%,Silver/Grey,1536.5,SHA256:E737C59FC17B259E
8568,CAM-016,Visat T Junction P2 RLVD,23.0984,72.5841,2026-09-03 09:47:29.721083,Car,Unknown,Vehicle,UNREADABLE-CAM-016-79658,41.4%,Blue,106.7,SHA256:5C63703FDBA7E45D
8569,CAM-016,Visat T Junction P2 RLVD,23.0984,72.5841,2026-09-03 09:47:29.724097,Car,Unknown,Vehicle,UNREADABLE-CAM-016-55997,44.4%,Silver/Grey,2702.0,SHA256:820695D0DDB82027
8570,CAM-016,Visat T Junction P2 RLVD,23.0984,72.5841,2026-09-03 09:47:29.725191,Van,Unknown,Vehicle,UNREADABLE-CAM-016-85364,46.6%,Silver/Grey,895.1,SHA256:9469ECC8387CC96A
8571,CAM-016,Visat T Junction P2 RLVD,23.0984,72.5841,2026-09-03 09:47:29.727063,Scooter,Unknown,Vehicle,UNREADABLE-CAM-016-74425,36.7%,Silver/Grey,86.7,SHA256:A4AFDDFB11AAD256
8688,CAM-016,Visat T Junction P2 RLVD,23.0984,72.5841,2026-09-03 09:49:07.897665,Van,Unknown,Vehicle,UNREADABLE-CAM-016-46866,54.9%,White,603.1,SHA256:94671DA3D2D92A7F
8689,CAM-016,Visat T Junction P2 RLVD,23.0984,72.5841,2026-09-03 09:49:07.899630,Scooter,Unknown,Vehicle,UNREADABLE-CAM-016-81326,40.7%,Silver/Grey,764.2,SHA256:BCF2DCAA4595DFC7
8690,CAM-016,Visat T Junction P2 RLVD,23.0984,72.5841,2026-09-03 09:49:07.901902,Scooter,Unknown,Vehicle,UNREADABLE-CAM-016-25575,52.8%,Silver/Grey,230.8,SHA256:CACD6974E92EE4AD
8691,CAM-016,Visat T Junction P2 RLVD,23.0984,72.5841,2026-09-03 09:49:07.903308,Car,Unknown,Vehicle,UNREADABLE-CAM-016-82900,52.8%,Silver/Grey,843.2,SHA256:F8BEB1C31CC4C928
8692,CAM-016,Visat T Junction P2 RLVD,23.0984,72.5841,2026-09-03 09:49:07.904638,Car,Unknown,Vehicle,UNREADABLE-CAM-016-72019,51.9%,Silver/Grey,661.9,SHA256:E637255C49B586CD
8693,CAM-016,Visat T Junction P2 RLVD,23.0984,72.5841,2026-09-03 09:49:07.905885,Ambulance,Unknown,Vehicle,UNREADABLE-CAM-016-87854,49.5%,Green,330.4,SHA256:BFB2EAFE0EDB4EEB
8694,CAM-016,Visat T Junction P2 RLVD,23.0984,72.5841,2026-09-03 09:49:07.907058,Car,Unknown,Vehicle,UNREADABLE-CAM-016-88037,38.1%,Blue,95.4,SHA256:43F0FD26F5C47E43
8695,CAM-016,Visat T Junction P2 RLVD,23.0984,72.5841,2026-09-03 09:49:07.910215,Car,Unknown,Vehicle,UNREADABLE-CAM-016-83219,36.5%,White,92.7,SHA256:B5B0C1C132FA5786
8696,CAM-016,Visat T Junction P2 RLVD,23.0984,72.5841,2026-09-03 09:49:07.911709,Van,Unknown,Vehicle,UNREADABLE-CAM-016-30987,44.5%,Silver/Grey,646.7,SHA256:8F12797C334273B9
8819,CAM-016,Visat T Junction P2 RLVD,23.0984,72.5841,2026-09-03 09:50:42.159954,Scooter,Unknown,Vehicle,UNREADABLE-CAM-016-84343,40.5%,Silver/Grey,41.4,SHA256:40D2F831895311CD
8820,CAM-016,Visat T Junction P2 RLVD,23.0984,72.5841,2026-09-03 09:50:42.163292,Scooter,Unknown,Vehicle,UNREADABLE-CAM-016-17941,51.4%,Silver/Grey,232.3,SHA256:652A209E44162771
8821,CAM-016,Visat T Junction P2 RLVD,23.0984,72.5841,2026-09-03 09:50:42.165015,Car,Unknown,Vehicle,UNREADABLE-CAM-016-54569,50.1%,Silver/Grey,1107.1,SHA256:AF424E5478CEA44E
8822,CAM-016,Visat T Junction P2 RLVD,23.0984,72.5841,2026-09-03 09:50:42.166198,Car,Unknown,Vehicle,UNREADABLE-CAM-016-19980,41.2%,White,155.9,SHA256:1CC59B56A06561B1
8823,CAM-016,Visat T Junction P2 RLVD,23.0984,72.5841,2026-09-03 09:50:42.167220,Truck,Unknown,Vehicle,UNREADABLE-CAM-016-69414,46.1%,Silver/Grey,744.7,SHA256:C397B03097D0D50A
8824,CAM-016,Visat T Junction P2 RLVD,23.0984,72.5841,2026-09-03 09:50:42.168469,Auto-Rickshaw,Unknown,Vehicle,UNREADABLE-CAM-016-26696,46.2%,White,1443.9,SHA256:E822C81FAD6E91C5
8825,CAM-016,Visat T Junction P2 RLVD,23.0984,72.5841,2026-09-03 09:50:42.169775,Car,Unknown,Vehicle,UNREADABLE-CAM-016-31259,36.7%,White,80.3,SHA256:E72E6ECA4D9C2EF2
8826,CAM-016,Visat T Junction P2 RLVD,23.0984,72.5841,2026-09-03 09:50:42.170887,Car,Unknown,Vehicle,UNREADABLE-CAM-016-34370,37.9%,White,101.7,SHA256:973CD835A56B78BC
8827,CAM-016,Visat T Junction P2 RLVD,23.0984,72.5841,2026-09-03 09:50:42.171902,Auto-Rickshaw,Unknown,Vehicle,UNREADABLE-CAM-016-66554,47.0%,Silver/Grey,556.3,SHA256:FC7C021A1E4CDFF0
8828,CAM-016,Visat T Junction P2 RLVD,23.0984,72.5841,2026-09-03 09:50:42.172930,Car,Unknown,Vehicle,UNREADABLE-CAM-016-80904,45.7%,White,1337.4,SHA256:1D0E0D5B78560487
8829,CAM-016,Visat T Junction P2 RLVD,23.0984,72.5841,2026-09-03 09:50:42.174149,Scooter,Unknown,Vehicle,UNREADABLE-CAM-016-50410,40.3%,Green,1267.8,SHA256:E30C53221ED4F543
8830,CAM-016,Visat T Junction P2 RLVD,23.0984,72.5841,2026-09-03 09:50:42.176181,Van,Unknown,Vehicle,UNREADABLE-CAM-016-45443,45.9%,Silver/Grey,673.2,SHA256:1175F9C211843778
8831,CAM-016,Visat T Junction P2 RLVD,23.0984,72.5841,2026-09-03 09:50:42.177223,Car,Unknown,Vehicle,UNREADABLE-CAM-016-55947,47.5%,Silver/Grey,559.0,SHA256:777AF938929E03AB
8956,CAM-016,Visat T Junction P2 RLVD,23.0984,72.5841,2026-09-03 09:51:57.135148,Scooter,Unknown,Vehicle,UNREADABLE-CAM-016-85961,42.6%,Silver/Grey,52.9,SHA256:89E94721C2FA3BCB
8957,CAM-016,Visat T Junction P2 RLVD,23.0984,72.5841,2026-09-03 09:51:57.138235,Scooter,Unknown,Vehicle,UNREADABLE-CAM-016-95436,53.8%,Silver/Grey,245.3,SHA256:E5E88F8F21E45CF3
8958,CAM-016,Visat T Junction P2 RLVD,23.0984,72.5841,2026-09-03 09:51:57.140312,Auto-Rickshaw,Unknown,Vehicle,UNREADABLE-CAM-016-49495,49.8%,Silver/Grey,1198.2,SHA256:8EF1717CB318D533
8959,CAM-016,Visat T Junction P2 RLVD,23.0984,72.5841,2026-09-03 09:51:57.141509,Car,Unknown,Vehicle,UNREADABLE-CAM-016-33009,50.4%,Silver/Grey,864.1,SHA256:47B55F292DDA0855
8960,CAM-016,Visat T Junction P2 RLVD,23.0984,72.5841,2026-09-03 09:51:57.145218,Car,Unknown,Vehicle,UNREADABLE-CAM-016-54261,43.9%,White,158.1,SHA256:3477A249F1082144
8961,CAM-016,Visat T Junction P2 RLVD,23.0984,72.5841,2026-09-03 09:51:57.146703,Car,Unknown,Vehicle,UNREADABLE-CAM-016-30644,46.7%,White,352.2,SHA256:BA2AE8D7B46669D8
8962,CAM-016,Visat T Junction P2 RLVD,23.0984,72.5841,2026-09-03 09:51:57.147782,Car,Unknown,Vehicle,UNREADABLE-CAM-016-95219,44.3%,White,184.4,SHA256:72D62F816CDBF227
8963,CAM-016,Visat T Junction P2 RLVD,23.0984,72.5841,2026-09-03 09:51:57.149048,Car,Unknown,Vehicle,UNREADABLE-CAM-016-73455,48.6%,Silver/Grey,900.3,SHA256:2582635FD98A37F8
8964,CAM-016,Visat T Junction P2 RLVD,23.0984,72.5841,2026-09-03 09:51:57.149988,Scooter,Unknown,Vehicle,UNREADABLE-CAM-016-38069,46.1%,Green,242.0,SHA256:7D46944216ECB5F6
8965,CAM-016,Visat T Junction P2 RLVD,23.0984,72.5841,2026-09-03 09:51:57.151651,Car,Unknown,Vehicle,UNREADABLE-CAM-016-49341,34.1%,White,66.3,SHA256:E22AF05DEABF8A1E
9068,CAM-016,Visat T Junction P2 RLVD,23.0984,72.5841,2026-09-03 09:53:09.053354,Scooter,Unknown,Vehicle,UNREADABLE-CAM-016-95606,44.4%,Silver/Grey,1021.6,SHA256:A448620249897685
9069,CAM-016,Visat T Junction P2 RLVD,23.0984,72.5841,2026-09-03 09:53:09.056963,Scooter,Unknown,Vehicle,UNREADABLE-CAM-016-86607,51.5%,Silver/Grey,232.7,SHA256:F8E8347E21363F19
9070,CAM-016,Visat T Junction P2 RLVD,23.0984,72.5841,2026-09-03 09:53:09.058418,Auto-Rickshaw,Unknown,Vehicle,UNREADABLE-CAM-016-61622,49.5%,Blue,472.9,SHA256:718CA820A81F814A
9071,CAM-016,Visat T Junction P2 RLVD,23.0984,72.5841,2026-09-03 09:53:09.059798,Car,Unknown,Vehicle,UNREADABLE-CAM-016-49761,43.2%,White,191.4,SHA256:B349EA25812A91FE
9072,CAM-016,Visat T Junction P2 RLVD,23.0984,72.5841,2026-09-03 09:53:09.061203,Scooter,Unknown,Vehicle,UNREADABLE-CAM-016-16610,38.3%,Blue,1052.3,SHA256:F600481D41AE305E
9073,CAM-016,Visat T Junction P2 RLVD,23.0984,72.5841,2026-09-03 09:53:09.063287,Car,Unknown,Vehicle,UNREADABLE-CAM-016-81175,39.7%,White,146.9,SHA256:18FD6D8D1B506B96
9074,CAM-016,Visat T Junction P2 RLVD,23.0984,72.5841,2026-09-03 09:53:09.064634,Car,Unknown,Vehicle,UNREADABLE-CAM-016-56238,37.4%,White,93.4,SHA256:F6A129DEB60A01FE
9075,CAM-016,Visat T Junction P2 RLVD,23.0984,72.5841,2026-09-03 09:53:09.065801,Car,Unknown,Vehicle,UNREADABLE-CAM-016-13929,42.1%,White,204.5,SHA256:7629973841A289DA
9076,CAM-016,Visat T Junction P2 RLVD,23.0984,72.5841,2026-09-03 09:53:09.066821,Car,Unknown,Vehicle,UNREADABLE-CAM-016-83186,45.3%,Silver/Grey,957.0,SHA256:2A16FD5D77932913
9077,CAM-016,Visat T Junction P2 RLVD,23.0984,72.5841,2026-09-03 09:53:09.067816,Auto-Rickshaw,Unknown,Vehicle,UNREADABLE-CAM-016-19037,38.0%,White,92.5,SHA256:74BAD910AFFE8742
9159,CAM-016,Visat T Junction P2 RLVD,23.0984,72.5841,2026-09-03 09:54:14.868589,Scooter,Unknown,Vehicle,UNREADABLE-CAM-016-21257,44.4%,Silver/Grey,290.8,SHA256:93EB6F4187378D5A
9160,CAM-016,Visat T Junction P2 RLVD,23.0984,72.5841,2026-09-03 09:54:14.873029,Scooter,Unknown,Vehicle,UNREADABLE-CAM-016-28902,49.4%,Silver/Grey,211.4,SHA256:B9FB6E8095585502
9161,CAM-016,Visat T Junction P2 RLVD,23.0984,72.5841,2026-09-03 09:54:14.875079,Car,Unknown,Vehicle,UNREADABLE-CAM-016-98381,34.6%,White,47.4,SHA256:EB6FC1F8CA43E67C
9162,CAM-016,Visat T Junction P2 RLVD,23.0984,72.5841,2026-09-03 09:54:14.876508,Car,Unknown,Vehicle,UNREADABLE-CAM-016-71248,32.3%,White,13.3,SHA256:CF81B9FB75B0E1E6
9163,CAM-016,Visat T Junction P2 RLVD,23.0984,72.5841,2026-09-03 09:54:14.878029,Scooter,Unknown,Vehicle,UNREADABLE-CAM-016-67122,50.5%,Green,854.9,SHA256:E6FE27803D57A154
9164,CAM-016,Visat T Junction P2 RLVD,23.0984,72.5841,2026-09-03 09:54:14.880189,Car,Unknown,Vehicle,UNREADABLE-CAM-016-58041,34.8%,White,59.3,SHA256:973520DAAFB78E15
9165,CAM-016,Visat T Junction P2 RLVD,23.0984,72.5841,2026-09-03 09:54:14.881550,Car,Unknown,Vehicle,UNREADABLE-CAM-016-66494,36.0%,White,113.1,SHA256:4CD6A1D63BC647B9
9256,CAM-016,Visat T Junction P2 RLVD,23.0984,72.5841,2026-09-03 09:55:17.727305,Scooter,Unknown,Vehicle,UNREADABLE-CAM-016-33589,46.8%,Silver/Grey,939.9,SHA256:C8ED7503EFF470C1
9257,CAM-016,Visat T Junction P2 RLVD,23.0984,72.5841,2026-09-03 09:55:17.730716,Scooter,Unknown,Vehicle,UNREADABLE-CAM-016-27304,52.1%,Silver/Grey,218.8,SHA256:094EA49C4C789BE0
9258,CAM-016,Visat T Junction P2 RLVD,23.0984,72.5841,2026-09-03 09:55:17.732411,Scooter,Unknown,Vehicle,UNREADABLE-CAM-016-62737,52.8%,Green,921.2,SHA256:5C38DE5DED49DF7B
9259,CAM-016,Visat T Junction P2 RLVD,23.0984,72.5841,2026-09-03 09:55:17.734247,Car,Unknown,Vehicle,UNREADABLE-CAM-016-13089,42.4%,White,191.0,SHA256:6510E40A9122C1DB
9260,CAM-016,Visat T Junction P2 RLVD,23.0984,72.5841,2026-09-03 09:55:17.735382,Car,Unknown,Vehicle,UNREADABLE-CAM-016-85441,40.5%,White,137.6,SHA256:3EBA9B42027D1931
9261,CAM-016,Visat T Junction P2 RLVD,23.0984,72.5841,2026-09-03 09:55:17.736405,Car,Unknown,Vehicle,UNREADABLE-CAM-016-85823,36.8%,White,85.0,SHA256:A3EA6953B572CD4C
9262,CAM-016,Visat T Junction P2 RLVD,23.0984,72.5841,2026-09-03 09:55:17.737303,Car,Unknown,Vehicle,UNREADABLE-CAM-016-52509,35.5%,White,91.9,SHA256:BB85B33E72EFE27D
9263,CAM-016,Visat T Junction P2 RLVD,23.0984,72.5841,2026-09-03 09:55:17.738155,Car,Unknown,Vehicle,UNREADABLE-CAM-016-13093,40.6%,Silver/Grey,150.5,SHA256:8952737FAF0296A3
9264,CAM-016,Visat T Junction P2 RLVD,23.0984,72.5841,2026-09-03 09:55:17.739206,Car,Unknown,Vehicle,UNREADABLE-CAM-016-55222,41.7%,White,171.9,SHA256:0027F72C0A163C80
9265,CAM-016,Visat T Junction P2 RLVD,23.0984,72.5841,2026-09-03 09:55:17.740284,Car,Unknown,Vehicle,UNREADABLE-CAM-016-69240,34.7%,White,70.5,SHA256:D0732E8329D0BD73
9266,CAM-016,Visat T Junction P2 RLVD,23.0984,72.5841,2026-09-03 09:55:17.741439,Car,Unknown,Vehicle,UNREADABLE-CAM-016-30158,43.2%,White,173.4,SHA256:84AC72830E4570F2
9267,CAM-016,Visat T Junction P2 RLVD,23.0984,72.5841,2026-09-03 09:55:17.742378,Car,Unknown,Vehicle,UNREADABLE-CAM-016-84193,35.9%,White,53.7,SHA256:495E1D19B86C8B28
9361,CAM-016,Visat T Junction P2 RLVD,23.0984,72.5841,2026-09-03 09:56:20.576775,Scooter,Unknown,Vehicle,UNREADABLE-CAM-016-29830,53.4%,Silver/Grey,935.2,SHA256:DF5A52A4788E9EC9
9362,CAM-016,Visat T Junction P2 RLVD,23.0984,72.5841,2026-09-03 09:56:20.579868,Scooter,Unknown,Vehicle,UNREADABLE-CAM-016-14685,50.9%,Silver/Grey,222.9,SHA256:8CFF7B42A27DE522
9363,CAM-016,Visat T Junction P2 RLVD,23.0984,72.5841,2026-09-03 09:56:20.581235,Scooter,Unknown,Vehicle,UNREADABLE-CAM-016-90143,49.6%,Blue,928.9,SHA256:A0C4B6372AA1FBBD
9364,CAM-016,Visat T Junction P2 RLVD,23.0984,72.5841,2026-09-03 09:56:20.582970,Car,Unknown,Vehicle,UNREADABLE-CAM-016-77309,38.6%,White,75.5,SHA256:68C2322588C392A0
9365,CAM-016,Visat T Junction P2 RLVD,23.0984,72.5841,2026-09-03 09:56:20.584110,Car,Unknown,Vehicle,UNREADABLE-CAM-016-92760,36.5%,White,59.1,SHA256:6E022CE2967F1EFA
9366,CAM-016,Visat T Junction P2 RLVD,23.0984,72.5841,2026-09-03 09:56:20.585109,Car,Unknown,Vehicle,UNREADABLE-CAM-016-65241,39.2%,White,106.5,SHA256:183B6AD3411ECF09
9367,CAM-016,Visat T Junction P2 RLVD,23.0984,72.5841,2026-09-03 09:56:20.586379,Car,Unknown,Vehicle,UNREADABLE-CAM-016-32641,34.4%,White,29.2,SHA256:0FE9AB430DAE9F2C
9368,CAM-016,Visat T Junction P2 RLVD,23.0984,72.5841,2026-09-03 09:56:20.587408,Car,Unknown,Vehicle,UNREADABLE-CAM-016-81647,36.5%,White,102.8,SHA256:CB02D4BBA9344058
9463,CAM-016,Visat T Junction P2 RLVD,23.0984,72.5841,2026-09-03 09:57:32.322881,Scooter,Unknown,Vehicle,UNREADABLE-CAM-016-97850,42.5%,Silver/Grey,31.5,SHA256:DB8AB1DB322BEFF7
9464,CAM-016,Visat T Junction P2 RLVD,23.0984,72.5841,2026-09-03 09:57:32.326924,Scooter,Unknown,Vehicle,UNREADABLE-CAM-016-51548,49.1%,Silver/Grey,211.1,SHA256:9269EDCE1B280A4D
9465,CAM-016,Visat T Junction P2 RLVD,23.0984,72.5841,2026-09-03 09:57:32.328598,Scooter,Unknown,Vehicle,UNREADABLE-CAM-016-81301,49.8%,Green,986.2,SHA256:856B7AC47E692EA7
9466,CAM-016,Visat T Junction P2 RLVD,23.0984,72.5841,2026-09-03 09:57:32.330597,Auto-Rickshaw,Unknown,Vehicle,UNREADABLE-CAM-016-59509,49.5%,White,455.7,SHA256:784C47DAC3455926
9467,CAM-016,Visat T Junction P2 RLVD,23.0984,72.5841,2026-09-03 09:57:32.331864,Car,Unknown,Vehicle,UNREADABLE-CAM-016-24465,39.0%,White,78.3,SHA256:10EFDA621C1B7DAD
9468,CAM-016,Visat T Junction P2 RLVD,23.0984,72.5841,2026-09-03 09:57:32.333230,Car,Unknown,Vehicle,UNREADABLE-CAM-016-65041,37.2%,White,46.2,SHA256:1410B4BCA2C7D0DC
9469,CAM-016,Visat T Junction P2 RLVD,23.0984,72.5841,2026-09-03 09:57:32.334342,Car,Unknown,Vehicle,UNREADABLE-CAM-016-19430,40.5%,White,89.6,SHA256:57D7A66CFB3BEDE3
9470,CAM-016,Visat T Junction P2 RLVD,23.0984,72.5841,2026-09-03 09:57:32.335436,Car,Unknown,Vehicle,UNREADABLE-CAM-016-93020,38.7%,White,145.0,SHA256:877A0E51BFB72984
9471,CAM-016,Visat T Junction P2 RLVD,23.0984,72.5841,2026-09-03 09:57:32.336371,Car,Unknown,Vehicle,UNREADABLE-CAM-016-24645,40.2%,White,95.9,SHA256:15ED595FEECBDB7A
9472,CAM-016,Visat T Junction P2 RLVD,23.0984,72.5841,2026-09-03 09:57:32.337298,Car,Unknown,Vehicle,UNREADABLE-CAM-016-88489,39.3%,White,120.3,SHA256:DDED916F5DF0BB96
9473,CAM-016,Visat T Junction P2 RLVD,23.0984,72.5841,2026-09-03 09:57:32.338168,Car,Unknown,Vehicle,UNREADABLE-CAM-016-46590,33.4%,White,57.2,SHA256:5A9B7A835D940640
9474,CAM-016,Visat T Junction P2 RLVD,23.0984,72.5841,2026-09-03 09:57:32.339153,Car,Unknown,Vehicle,UNREADABLE-CAM-016-11213,44.5%,White,215.5,SHA256:41E7EAFD7AA65105
9590,CAM-016,Visat T Junction P2 RLVD,23.0984,72.5841,2026-09-03 09:58:41.993396,Scooter,Unknown,Vehicle,UNREADABLE-CAM-016-71784,46.2%,Green,463.5,SHA256:20732B463C96EFA4
9591,CAM-016,Visat T Junction P2 RLVD,23.0984,72.5841,2026-09-03 09:58:41.996869,Car,Unknown,Vehicle,UNREADABLE-CAM-016-80742,49.6%,Silver/Grey,225.0,SHA256:1AD13D2782BB48E0
9592,CAM-016,Visat T Junction P2 RLVD,23.0984,72.5841,2026-09-03 09:58:41.998019,Car,Unknown,Vehicle,UNREADABLE-CAM-016-84407,50.4%,White,237.5,SHA256:6FC30ECA6902432D
9593,CAM-016,Visat T Junction P2 RLVD,23.0984,72.5841,2026-09-03 09:58:41.999097,Car,Unknown,Vehicle,UNREADABLE-CAM-016-91664,42.2%,Silver/Grey,125.5,SHA256:BE060576BC083143
9594,CAM-016,Visat T Junction P2 RLVD,23.0984,72.5841,2026-09-03 09:58:42.000471,Car,Unknown,Vehicle,UNREADABLE-CAM-016-45681,48.4%,Silver/Grey,744.7,SHA256:9DEC47D4B26EC057
9595,CAM-016,Visat T Junction P2 RLVD,23.0984,72.5841,2026-09-03 09:58:42.002351,Car,Unknown,Vehicle,UNREADABLE-CAM-016-40996,48.6%,White,354.7,SHA256:F8FF4F94EF11B178
9596,CAM-016,Visat T Junction P2 RLVD,23.0984,72.5841,2026-09-03 09:58:42.003781,Scooter,Unknown,Vehicle,UNREADABLE-CAM-016-34665,45.5%,Green,1202.1,SHA256:9F11375193962398
9597,CAM-016,Visat T Junction P2 RLVD,23.0984,72.5841,2026-09-03 09:58:42.005762,Car,Unknown,Vehicle,UNREADABLE-CAM-016-73162,48.6%,Silver/Grey,585.3,SHA256:F2F101D0A7D29575
9598,CAM-016,Visat T Junction P2 RLVD,23.0984,72.5841,2026-09-03 09:58:42.007062,Car,Unknown,Vehicle,UNREADABLE-CAM-016-60522,38.8%,Silver/Grey,104.7,SHA256:725467EDB6617BBD
9599,CAM-016,Visat T Junction P2 RLVD,23.0984,72.5841,2026-09-03 09:58:42.008162,Car,Unknown,Vehicle,UNREADABLE-CAM-016-31728,46.6%,Silver/Grey,1445.9,SHA256:3AAB595B17726FF1
9600,CAM-016,Visat T Junction P2 RLVD,23.0984,72.5841,2026-09-03 09:58:42.009808,Car,Unknown,Vehicle,UNREADABLE-CAM-016-19134,47.5%,Silver/Grey,664.5,SHA256:3FAA0D8E94B49048
9601,CAM-016,Visat T Junction P2 RLVD,23.0984,72.5841,2026-09-03 09:58:42.011000,Car,Unknown,Vehicle,UNREADABLE-CAM-016-53277,47.7%,White,375.6,SHA256:8F9584E254172689
9602,CAM-016,Visat T Junction P2 RLVD,23.0984,72.5841,2026-09-03 09:58:42.012282,Scooter,Unknown,Vehicle,UNREADABLE-CAM-016-15734,44.9%,Silver/Grey,213.1,SHA256:20AEEB04ED464698
9603,CAM-016,Visat T Junction P2 RLVD,23.0984,72.5841,2026-09-03 09:58:42.014445,Car,Unknown,Vehicle,UNREADABLE-CAM-016-11820,43.8%,Silver/Grey,199.1,SHA256:4E97320EA9A4DC27
9604,CAM-016,Visat T Junction P2 RLVD,23.0984,72.5841,2026-09-03 09:58:42.015551,Car,Unknown,Vehicle,UNREADABLE-CAM-016-45277,43.5%,White,246.4,SHA256:FDACBD64118AF6E7
9605,CAM-016,Visat T Junction P2 RLVD,23.0984,72.5841,2026-09-03 09:58:42.016613,Car,Unknown,Vehicle,UNREADABLE-CAM-016-28649,43.9%,White,387.1,SHA256:D9FF88A5AE35050F
9748,CAM-016,Visat T Junction P2 RLVD,23.0984,72.5841,2026-09-03 10:00:02.153668,Scooter,Unknown,Vehicle,UNREADABLE-CAM-016-96005,42.6%,Silver/Grey,45.7,SHA256:282FA20693D09E69
9749,CAM-016,Visat T Junction P2 RLVD,23.0984,72.5841,2026-09-03 10:00:02.159399,Car,Unknown,Vehicle,UNREADABLE-CAM-016-89216,50.1%,Silver/Grey,915.2,SHA256:EC3578F6EE656C27
9750,CAM-016,Visat T Junction P2 RLVD,23.0984,72.5841,2026-09-03 10:00:02.160806,Car,Unknown,Vehicle,UNREADABLE-CAM-016-75419,49.6%,White,450.6,SHA256:6C736F110D3D4AA2
9751,CAM-016,Visat T Junction P2 RLVD,23.0984,72.5841,2026-09-03 10:00:02.162124,Car,Unknown,Vehicle,UNREADABLE-CAM-016-57283,48.0%,Silver/Grey,221.3,SHA256:1D2E38A0CC268422
9752,CAM-016,Visat T Junction P2 RLVD,23.0984,72.5841,2026-09-03 10:00:02.163307,Car,Unknown,Vehicle,UNREADABLE-CAM-016-17315,44.1%,Silver/Grey,122.9,SHA256:699F9570EC5C08D0
9753,CAM-016,Visat T Junction P2 RLVD,23.0984,72.5841,2026-09-03 10:00:02.164646,Car,Unknown,Vehicle,UNREADABLE-CAM-016-75622,48.1%,White,467.0,SHA256:8410EF37223438DA
9754,CAM-016,Visat T Junction P2 RLVD,23.0984,72.5841,2026-09-03 10:00:02.165662,Car,Unknown,Vehicle,UNREADABLE-CAM-016-83037,49.2%,White,268.7,SHA256:32B0D88CFF3756EA
9755,CAM-016,Visat T Junction P2 RLVD,23.0984,72.5841,2026-09-03 10:00:02.166695,Car,Unknown,Vehicle,UNREADABLE-CAM-016-70302,35.8%,White,35.6,SHA256:B870D4C455033928
9756,CAM-016,Visat T Junction P2 RLVD,23.0984,72.5841,2026-09-03 10:00:02.167659,Scooter,Unknown,Vehicle,UNREADABLE-CAM-016-64976,40.8%,Black,776.9,SHA256:BA632A39BB08040E
9757,CAM-016,Visat T Junction P2 RLVD,23.0984,72.5841,2026-09-03 10:00:02.169247,Car,Unknown,Vehicle,UNREADABLE-CAM-016-27650,48.2%,White,312.1,SHA256:1DBB7B65609D7C33
9758,CAM-016,Visat T Junction P2 RLVD,23.0984,72.5841,2026-09-03 10:00:02.170140,Scooter,Unknown,Vehicle,UNREADABLE-CAM-016-73805,48.1%,Silver/Grey,1148.3,SHA256:D669EE5726E24E05
9759,CAM-016,Visat T Junction P2 RLVD,23.0984,72.5841,2026-09-03 10:00:02.171311,Car,Unknown,Vehicle,UNREADABLE-CAM-016-46161,47.2%,Silver/Grey,606.9,SHA256:8177B54087FD0B61
9760,CAM-016,Visat T Junction P2 RLVD,23.0984,72.5841,2026-09-03 10:00:02.172193,Car,Unknown,Vehicle,UNREADABLE-CAM-016-65045,35.7%,White,95.2,SHA256:55BEDB82966AEB0C
9761,CAM-016,Visat T Junction P2 RLVD,23.0984,72.5841,2026-09-03 10:00:02.173209,Car,Unknown,Vehicle,UNREADABLE-CAM-016-33599,45.8%,White,289.3,SHA256:B62AA7B37B909370
9762,CAM-016,Visat T Junction P2 RLVD,23.0984,72.5841,2026-09-03 10:00:02.174248,Car,Unknown,Vehicle,UNREADABLE-CAM-016-20632,38.9%,Silver/Grey,103.2,SHA256:743C9C0C73B4FEEA
9763,CAM-016,Visat T Junction P2 RLVD,23.0984,72.5841,2026-09-03 10:00:02.177263,Scooter,Unknown,Vehicle,UNREADABLE-CAM-016-63089,46.5%,Silver/Grey,206.9,SHA256:B4AD3C0C156FD91C
9764,CAM-016,Visat T Junction P2 RLVD,23.0984,72.5841,2026-09-03 10:00:02.178444,Car,Unknown,Vehicle,UNREADABLE-CAM-016-83226,34.0%,White,77.1,SHA256:FBC2698ADC08F359
9765,CAM-016,Visat T Junction P2 RLVD,23.0984,72.5841,2026-09-03 10:00:02.179306,Auto-Rickshaw,Unknown,Vehicle,UNREADABLE-CAM-016-53014,43.7%,Silver/Grey,1129.2,SHA256:DA22C04CB7F86E45
9878,CAM-016,Visat T Junction P2 RLVD,23.0984,72.5841,2026-09-03 10:01:10.418023,Scooter,Unknown,Vehicle,UNREADABLE-CAM-016-55287,47.2%,Silver/Grey,912.9,SHA256:DA31A22F2BCECFA4
9879,CAM-016,Visat T Junction P2 RLVD,23.0984,72.5841,2026-09-03 10:01:10.421884,Car,Unknown,Vehicle,UNREADABLE-CAM-016-31172,51.4%,Silver/Grey,561.5,SHA256:9182865B4EAFAB64
9880,CAM-016,Visat T Junction P2 RLVD,23.0984,72.5841,2026-09-03 10:01:10.423149,Scooter,Unknown,Vehicle,UNREADABLE-CAM-016-36942,55.3%,Silver/Grey,854.2,SHA256:C5787825970FF1EE
9881,CAM-016,Visat T Junction P2 RLVD,23.0984,72.5841,2026-09-03 10:01:10.425019,Car,Unknown,Vehicle,UNREADABLE-CAM-016-52295,50.9%,Maroon/Dark,664.8,SHA256:126268DAA8D47B1E
9882,CAM-016,Visat T Junction P2 RLVD,23.0984,72.5841,2026-09-03 10:01:10.425987,Car,Unknown,Vehicle,UNREADABLE-CAM-016-65902,48.5%,Silver/Grey,1314.6,SHA256:E4718E9BAAF59A33
9883,CAM-016,Visat T Junction P2 RLVD,23.0984,72.5841,2026-09-03 10:01:10.427120,Car,Unknown,Vehicle,UNREADABLE-CAM-016-93372,46.4%,Silver/Grey,581.0,SHA256:9971A86EC51F456A
9884,CAM-016,Visat T Junction P2 RLVD,23.0984,72.5841,2026-09-03 10:01:10.428114,Scooter,Unknown,Vehicle,UNREADABLE-CAM-016-74453,39.4%,White,120.7,SHA256:0619640844B1A953
9885,CAM-016,Visat T Junction P2 RLVD,23.0984,72.5841,2026-09-03 10:01:10.429372,Car,Unknown,Vehicle,UNREADABLE-CAM-016-35630,46.5%,Silver/Grey,429.7,SHA256:8CC18DA5BC75465B
9886,CAM-016,Visat T Junction P2 RLVD,23.0984,72.5841,2026-09-03 10:01:10.430215,Car,Unknown,Vehicle,UNREADABLE-CAM-016-92612,44.0%,Silver/Grey,621.1,SHA256:568466E274093DB4
10003,CAM-016,Visat T Junction P2 RLVD,23.0984,72.5841,2026-09-03 10:02:25.275957,Scooter,Unknown,Vehicle,UNREADABLE-CAM-016-79756,56.7%,Silver/Grey,912.9,SHA256:8BADC26C7D195D63
10004,CAM-016,Visat T Junction P2 RLVD,23.0984,72.5841,2026-09-03 10:02:25.278873,Car,Unknown,Vehicle,UNREADABLE-CAM-016-52405,51.3%,Silver/Grey,1106.2,SHA256:3DA22E02EB212441
10005,CAM-016,Visat T Junction P2 RLVD,23.0984,72.5841,2026-09-03 10:02:25.280614,Car,Unknown,Vehicle,UNREADABLE-CAM-016-26349,50.4%,Maroon/Dark,626.4,SHA256:2289A04B70F6529F
10006,CAM-016,Visat T Junction P2 RLVD,23.0984,72.5841,2026-09-03 10:02:25.281850,Car,Unknown,Vehicle,UNREADABLE-CAM-016-62065,49.1%,Silver/Grey,390.6,SHA256:868D5FAD00DD60AA
10007,CAM-016,Visat T Junction P2 RLVD,23.0984,72.5841,2026-09-03 10:02:25.282951,Car,Unknown,Vehicle,UNREADABLE-CAM-016-28871,40.8%,White,102.8,SHA256:E2AF43D29A2499D4
10008,CAM-016,Visat T Junction P2 RLVD,23.0984,72.5841,2026-09-03 10:02:25.283815,Scooter,Unknown,Vehicle,UNREADABLE-CAM-016-79504,42.2%,Silver/Grey,92.9,SHA256:823191B8BE4A12A8
10009,CAM-016,Visat T Junction P2 RLVD,23.0984,72.5841,2026-09-03 10:02:25.285067,Car,Unknown,Vehicle,UNREADABLE-CAM-016-56064,36.9%,White,70.7,SHA256:7CE24B086B1DC708
10010,CAM-016,Visat T Junction P2 RLVD,23.0984,72.5841,2026-09-03 10:02:25.285918,Car,Unknown,Vehicle,UNREADABLE-CAM-016-76848,47.0%,Silver/Grey,865.7,SHA256:10DC5422F4892DEA
10011,CAM-016,Visat T Junction P2 RLVD,23.0984,72.5841,2026-09-03 10:02:25.286765,Car,Unknown,Vehicle,UNREADABLE-CAM-016-37906,42.0%,Green,116.6,SHA256:39A4A84249425567
10012,CAM-016,Visat T Junction P2 RLVD,23.0984,72.5841,2026-09-03 10:02:25.290434,Scooter,Unknown,Vehicle,UNREADABLE-CAM-016-92064,46.7%,Blue,993.3,SHA256:2A0EF09F8FF123D3
10013,CAM-016,Visat T Junction P2 RLVD,23.0984,72.5841,2026-09-03 10:02:25.292322,Car,Unknown,Vehicle,UNREADABLE-CAM-016-35670,47.7%,Silver/Grey,561.1,SHA256:A41526B07FD7EADA
10014,CAM-016,Visat T Junction P2 RLVD,23.0984,72.5841,2026-09-03 10:02:25.293301,Car,Unknown,Vehicle,UNREADABLE-CAM-016-48341,33.9%,White,55.4,SHA256:69F2B72F69AEEB6C
10015,CAM-016,Visat T Junction P2 RLVD,23.0984,72.5841,2026-09-03 10:02:25.294234,Scooter,Unknown,Vehicle,UNREADABLE-CAM-016-30184,41.1%,Silver/Grey,995.9,SHA256:1F459E206C7DAACC
10016,CAM-016,Visat T Junction P2 RLVD,23.0984,72.5841,2026-09-03 10:02:25.295766,Scooter,Unknown,Vehicle,UNREADABLE-CAM-016-17798,38.4%,White,615.0,SHA256:CCEF3355DE19DAB9
10163,CAM-016,Visat T Junction P2 RLVD,23.0984,72.5841,2026-09-03 10:03:32.626245,Scooter,Unknown,Vehicle,UNREADABLE-CAM-016-23613,42.7%,Silver/Grey,1111.8,SHA256:8ED74EF7386270C6
10164,CAM-016,Visat T Junction P2 RLVD,23.0984,72.5841,2026-09-03 10:03:32.630709,Car,Unknown,Vehicle,UNREADABLE-CAM-016-75268,50.8%,Silver/Grey,822.3,SHA256:68B672DF78E7F5FF
10165,CAM-016,Visat T Junction P2 RLVD,23.0984,72.5841,2026-09-03 10:03:32.632159,Car,Unknown,Vehicle,UNREADABLE-CAM-016-51106,48.9%,Maroon/Dark,795.6,SHA256:EA74404A5A154448
10166,CAM-016,Visat T Junction P2 RLVD,23.0984,72.5841,2026-09-03 10:03:32.633672,Car,Unknown,Vehicle,UNREADABLE-CAM-016-14624,50.8%,Silver/Grey,642.5,SHA256:5B6A696882592624
10167,CAM-016,Visat T Junction P2 RLVD,23.0984,72.5841,2026-09-03 10:03:32.635814,Car,Unknown,Vehicle,UNREADABLE-CAM-016-80113,47.1%,White,222.1,SHA256:11F1670219CBFE98
10168,CAM-016,Visat T Junction P2 RLVD,23.0984,72.5841,2026-09-03 10:03:32.637095,Car,Unknown,Vehicle,UNREADABLE-CAM-016-61292,36.8%,White,74.1,SHA256:4854F4C2CE62E949
10169,CAM-016,Visat T Junction P2 RLVD,23.0984,72.5841,2026-09-03 10:03:32.638465,Scooter,Unknown,Vehicle,UNREADABLE-CAM-016-46868,49.4%,Blue,1293.2,SHA256:9AB66ADFE96D5A0C
10170,CAM-016,Visat T Junction P2 RLVD,23.0984,72.5841,2026-09-03 10:03:32.640562,Scooter,Unknown,Vehicle,UNREADABLE-CAM-016-72107,44.5%,Green,778.0,SHA256:227DA80937EE5000
10171,CAM-016,Visat T Junction P2 RLVD,23.0984,72.5841,2026-09-03 10:03:32.642536,Car,Unknown,Vehicle,UNREADABLE-CAM-016-67431,47.2%,Silver/Grey,429.5,SHA256:28200953B91ED65D
10172,CAM-016,Visat T Junction P2 RLVD,23.0984,72.5841,2026-09-03 10:03:32.643733,Car,Unknown,Vehicle,UNREADABLE-CAM-016-64493,37.0%,Yellow/Orange,962.8,SHA256:3D4FA0B05439A37B
10173,CAM-016,Visat T Junction P2 RLVD,23.0984,72.5841,2026-09-03 10:03:32.646725,Car,Unknown,Vehicle,UNREADABLE-CAM-016-54638,38.0%,White,86.9,SHA256:6BAC89DA7E651474
10174,CAM-016,Visat T Junction P2 RLVD,23.0984,72.5841,2026-09-03 10:03:32.648099,Car,Unknown,Vehicle,UNREADABLE-CAM-016-30364,45.7%,Silver/Grey,916.9,SHA256:932F63BE97B29FCA
10175,CAM-016,Visat T Junction P2 RLVD,23.0984,72.5841,2026-09-03 10:03:32.650074,Car,Unknown,Vehicle,UNREADABLE-CAM-016-46811,44.8%,Silver/Grey,354.1,SHA256:E4DBA5A5BA15BAD8
10176,CAM-016,Visat T Junction P2 RLVD,23.0984,72.5841,2026-09-03 10:03:32.651450,Car,Unknown,Vehicle,UNREADABLE-CAM-016-44807,44.9%,White,260.9,SHA256:C714A6E60B3E1E53
10356,CAM-016,Visat T Junction P2 RLVD,23.0984,72.5841,2026-09-03 10:04:53.213334,Scooter,Unknown,Vehicle,UNREADABLE-CAM-016-52658,45.7%,Silver/Grey,1070.9,SHA256:6CD0CE52943FB874
10357,CAM-016,Visat T Junction P2 RLVD,23.0984,72.5841,2026-09-03 10:04:53.216533,Car,Unknown,Vehicle,UNREADABLE-CAM-016-54262,50.9%,Silver/Grey,575.3,SHA256:1F8187DF70DD75C2
10358,CAM-016,Visat T Junction P2 RLVD,23.0984,72.5841,2026-09-03 10:04:53.217531,Car,Unknown,Vehicle,UNREADABLE-CAM-016-30912,49.3%,Silver/Grey,950.5,SHA256:AA4AAE5516CCF162
10359,CAM-016,Visat T Junction P2 RLVD,23.0984,72.5841,2026-09-03 10:04:53.218593,Car,Unknown,Vehicle,UNREADABLE-CAM-016-31950,42.2%,Silver/Grey,124.0,SHA256:11A83AD0315E7CB4
10360,CAM-016,Visat T Junction P2 RLVD,23.0984,72.5841,2026-09-03 10:04:53.221498,Car,Unknown,Vehicle,UNREADABLE-CAM-016-96975,47.1%,White,248.1,SHA256:10DD98761AF82613
10361,CAM-016,Visat T Junction P2 RLVD,23.0984,72.5841,2026-09-03 10:04:53.222532,Car,Unknown,Vehicle,UNREADABLE-CAM-016-37574,48.4%,Silver/Grey,772.4,SHA256:81656DCA278D0058
10362,CAM-016,Visat T Junction P2 RLVD,23.0984,72.5841,2026-09-03 10:04:53.223402,Car,Unknown,Vehicle,UNREADABLE-CAM-016-24261,48.3%,White,572.5,SHA256:76003A75DD8AA269
10363,CAM-016,Visat T Junction P2 RLVD,23.0984,72.5841,2026-09-03 10:04:53.224297,Car,Unknown,Vehicle,UNREADABLE-CAM-016-11937,50.4%,Silver/Grey,503.5,SHA256:0C01CB73EEEB63EF
10364,CAM-016,Visat T Junction P2 RLVD,23.0984,72.5841,2026-09-03 10:04:53.225196,Car,Unknown,Vehicle,UNREADABLE-CAM-016-11785,47.1%,White,309.3,SHA256:4BD045CA6FE94300
10365,CAM-016,Visat T Junction P2 RLVD,23.0984,72.5841,2026-09-03 10:04:53.226078,Car,Unknown,Vehicle,UNREADABLE-CAM-016-94126,48.7%,Silver/Grey,958.9,SHA256:810553D795EB5E57
10366,CAM-016,Visat T Junction P2 RLVD,23.0984,72.5841,2026-09-03 10:04:53.226907,Car,Unknown,Vehicle,UNREADABLE-CAM-016-74636,36.6%,White,81.3,SHA256:501B4FBE790847B9
10367,CAM-016,Visat T Junction P2 RLVD,23.0984,72.5841,2026-09-03 10:04:53.227938,Car,Unknown,Vehicle,UNREADABLE-CAM-016-30956,47.1%,White,510.8,SHA256:5A243A629B830CC3
10368,CAM-016,Visat T Junction P2 RLVD,23.0984,72.5841,2026-09-03 10:04:53.228935,Car,Unknown,Vehicle,UNREADABLE-CAM-016-93150,36.3%,White,10.7,SHA256:D762AF1621498079
10369,CAM-016,Visat T Junction P2 RLVD,23.0984,72.5841,2026-09-03 10:04:53.230260,Van,Unknown,Vehicle,UNREADABLE-CAM-016-65407,35.7%,White,12.8,SHA256:F330FE5C0195B917
10370,CAM-016,Visat T Junction P2 RLVD,23.0984,72.5841,2026-09-03 10:04:53.231379,Car,Unknown,Vehicle,UNREADABLE-CAM-016-49215,44.4%,Silver/Grey,577.7,SHA256:589D6E8A88BD7002
10371,CAM-016,Visat T Junction P2 RLVD,23.0984,72.5841,2026-09-03 10:04:53.232359,Car,Unknown,Vehicle,UNREADABLE-CAM-016-55179,39.5%,White,144.5,SHA256:AF5E067D14F0BF18
10561,CAM-016,Visat T Junction P2 RLVD,23.0984,72.5841,2026-09-03 10:06:05.178170,Scooter,Unknown,Vehicle,UNREADABLE-CAM-016-78056,43.0%,Blue,494.5,SHA256:50DADE75D9A604DD
10562,CAM-016,Visat T Junction P2 RLVD,23.0984,72.5841,2026-09-03 10:06:05.182122,Car,Unknown,Vehicle,UNREADABLE-CAM-016-11646,50.9%,Silver/Grey,352.4,SHA256:5EB11D1DBE607FE0
10563,CAM-016,Visat T Junction P2 RLVD,23.0984,72.5841,2026-09-03 10:06:05.183491,Car,Unknown,Vehicle,UNREADABLE-CAM-016-99737,50.9%,Silver/Grey,892.0,SHA256:F15F2B1B85FE29BD
10564,CAM-016,Visat T Junction P2 RLVD,23.0984,72.5841,2026-09-03 10:06:05.184816,Car,Unknown,Vehicle,UNREADABLE-CAM-016-64887,49.0%,White,839.8,SHA256:E84B3A24B6FAFD11
10565,CAM-016,Visat T Junction P2 RLVD,23.0984,72.5841,2026-09-03 10:06:05.186522,Car,Unknown,Vehicle,UNREADABLE-CAM-016-22679,49.6%,White,398.2,SHA256:5D86BA0A43D2DBF4
10566,CAM-016,Visat T Junction P2 RLVD,23.0984,72.5841,2026-09-03 10:06:05.187638,Car,Unknown,Vehicle,UNREADABLE-CAM-016-20784,48.8%,Silver/Grey,1052.1,SHA256:033F53B3968F35FC
10567,CAM-016,Visat T Junction P2 RLVD,23.0984,72.5841,2026-09-03 10:06:05.188793,Car,Unknown,Vehicle,UNREADABLE-CAM-016-64678,48.2%,Silver/Grey,591.7,SHA256:FA8B92E42BE6F418
10568,CAM-016,Visat T Junction P2 RLVD,23.0984,72.5841,2026-09-03 10:06:05.190401,Car,Unknown,Vehicle,UNREADABLE-CAM-016-85255,48.3%,Silver/Grey,1184.9,SHA256:9155401B24A4332E
10569,CAM-016,Visat T Junction P2 RLVD,23.0984,72.5841,2026-09-03 10:06:05.191543,Car,Unknown,Vehicle,UNREADABLE-CAM-016-32646,46.5%,Silver/Grey,1290.6,SHA256:EE518D5708D5A312
10570,CAM-016,Visat T Junction P2 RLVD,23.0984,72.5841,2026-09-03 10:06:05.192840,Car,Unknown,Vehicle,UNREADABLE-CAM-016-81225,46.5%,Silver/Grey,245.8,SHA256:02FA9558ED16989A
10571,CAM-016,Visat T Junction P2 RLVD,23.0984,72.5841,2026-09-03 10:06:05.194194,Car,Unknown,Vehicle,UNREADABLE-CAM-016-15387,49.4%,Silver/Grey,1181.1,SHA256:F130B48B906FD68F
10572,CAM-016,Visat T Junction P2 RLVD,23.0984,72.5841,2026-09-03 10:06:05.195524,Car,Unknown,Vehicle,UNREADABLE-CAM-016-35604,42.6%,Blue,452.9,SHA256:C6DF00D912121140
10573,CAM-016,Visat T Junction P2 RLVD,23.0984,72.5841,2026-09-03 10:06:05.198403,Car,Unknown,Vehicle,UNREADABLE-CAM-016-19590,49.6%,Silver/Grey,474.6,SHA256:F27731570EEF3906
10574,CAM-016,Visat T Junction P2 RLVD,23.0984,72.5841,2026-09-03 10:06:05.199757,Car,Unknown,Vehicle,UNREADABLE-CAM-016-80720,47.9%,Silver/Grey,301.4,SHA256:20DB56D10683BAE9
10575,CAM-016,Visat T Junction P2 RLVD,23.0984,72.5841,2026-09-03 10:06:05.201346,Car,Unknown,Vehicle,UNREADABLE-CAM-016-90874,45.6%,Silver/Grey,750.7,SHA256:A56D8994AAC97875
10576,CAM-016,Visat T Junction P2 RLVD,23.0984,72.5841,2026-09-03 10:06:05.202489,Car,Unknown,Vehicle,UNREADABLE-CAM-016-33054,48.0%,Silver/Grey,1121.9,SHA256:502E4242AED114E4
10577,CAM-016,Visat T Junction P2 RLVD,23.0984,72.5841,2026-09-03 10:06:05.203638,Car,Unknown,Vehicle,UNREADABLE-CAM-016-87202,37.8%,White,72.1,SHA256:1732ECE8243159E4
10578,CAM-016,Visat T Junction P2 RLVD,23.0984,72.5841,2026-09-03 10:06:05.204779,Car,Unknown,Vehicle,UNREADABLE-CAM-016-77760,46.2%,Silver/Grey,703.3,SHA256:EDBE36F3CEFD1467
10579,CAM-016,Visat T Junction P2 RLVD,23.0984,72.5841,2026-09-03 10:06:05.206663,Car,Unknown,Vehicle,UNREADABLE-CAM-016-27891,45.4%,White,364.9,SHA256:D37C139BCBE24384
10580,CAM-016,Visat T Junction P2 RLVD,23.0984,72.5841,2026-09-03 10:06:05.207799,Car,Unknown,Vehicle,UNREADABLE-CAM-016-21867,43.5%,White,364.5,SHA256:C96A3246E6ACEE29
10581,CAM-016,Visat T Junction P2 RLVD,23.0984,72.5841,2026-09-03 10:06:05.208831,Car,Unknown,Vehicle,UNREADABLE-CAM-016-32145,47.9%,Silver/Grey,1303.3,SHA256:7C174B36C8A538DC
10582,CAM-016,Visat T Junction P2 RLVD,23.0984,72.5841,2026-09-03 10:06:05.210129,Car,Unknown,Vehicle,UNREADABLE-CAM-016-59291,46.9%,White,299.0,SHA256:9F948124CA13383D
10583,CAM-016,Visat T Junction P2 RLVD,23.0984,72.5841,2026-09-03 10:06:05.211481,Auto-Rickshaw,Unknown,Vehicle,UNREADABLE-CAM-016-79855,47.3%,White,571.5,SHA256:0C3B851DD89C9ED3
10584,CAM-016,Visat T Junction P2 RLVD,23.0984,72.5841,2026-09-03 10:06:05.212969,Car,Unknown,Vehicle,UNREADABLE-CAM-016-66053,46.4%,White,288.6,SHA256:E6FE7DF28B32200A
10790,CAM-016,Visat T Junction P2 RLVD,23.0984,72.5841,2026-09-03 10:07:10.483290,Scooter,Unknown,Vehicle,UNREADABLE-CAM-016-44748,48.1%,Blue,1286.0,SHA256:A132C6F8BB34A9E6
10791,CAM-016,Visat T Junction P2 RLVD,23.0984,72.5841,2026-09-03 10:07:10.486414,Car,Unknown,Vehicle,UNREADABLE-CAM-016-19638,50.0%,White,973.1,SHA256:723B9B35F58C88EE
10792,CAM-016,Visat T Junction P2 RLVD,23.0984,72.5841,2026-09-03 10:07:10.487874,Car,Unknown,Vehicle,UNREADABLE-CAM-016-95556,44.1%,Silver/Grey,136.2,SHA256:8E977483C23EF808
10793,CAM-016,Visat T Junction P2 RLVD,23.0984,72.5841,2026-09-03 10:07:10.489327,Car,Unknown,Vehicle,UNREADABLE-CAM-016-57095,49.7%,Silver/Grey,628.4,SHA256:1B8816D83B2966BD
10794,CAM-016,Visat T Junction P2 RLVD,23.0984,72.5841,2026-09-03 10:07:10.490642,Car,Unknown,Vehicle,UNREADABLE-CAM-016-79120,47.7%,White,1841.5,SHA256:486F2E6C4389957F
10795,CAM-016,Visat T Junction P2 RLVD,23.0984,72.5841,2026-09-03 10:07:10.491860,Car,Unknown,Vehicle,UNREADABLE-CAM-016-33954,47.7%,Silver/Grey,733.6,SHA256:B82BA21C9AAB38F0
10796,CAM-016,Visat T Junction P2 RLVD,23.0984,72.5841,2026-09-03 10:07:10.493093,Car,Unknown,Vehicle,UNREADABLE-CAM-016-31480,38.5%,Blue,523.7,SHA256:E232CDC48D269D36
10797,CAM-016,Visat T Junction P2 RLVD,23.0984,72.5841,2026-09-03 10:07:10.495810,Car,Unknown,Vehicle,UNREADABLE-CAM-016-87515,47.6%,Silver/Grey,891.6,SHA256:216825819CD2F342
10798,CAM-016,Visat T Junction P2 RLVD,23.0984,72.5841,2026-09-03 10:07:10.496979,Car,Unknown,Vehicle,UNREADABLE-CAM-016-64976,49.3%,White,1226.4,SHA256:FF85A5765E85E375
10799,CAM-016,Visat T Junction P2 RLVD,23.0984,72.5841,2026-09-03 10:07:10.498670,Car,Unknown,Vehicle,UNREADABLE-CAM-016-75774,47.3%,Silver/Grey,734.9,SHA256:799D009729215EB6
10800,CAM-016,Visat T Junction P2 RLVD,23.0984,72.5841,2026-09-03 10:07:10.500336,Car,Unknown,Vehicle,UNREADABLE-CAM-016-81702,47.7%,White,1382.8,SHA256:AFC3A97278EA968B
10801,CAM-016,Visat T Junction P2 RLVD,23.0984,72.5841,2026-09-03 10:07:10.501516,Car,Unknown,Vehicle,UNREADABLE-CAM-016-95338,46.4%,Silver/Grey,983.3,SHA256:6FD54B456BA3229B
10802,CAM-016,Visat T Junction P2 RLVD,23.0984,72.5841,2026-09-03 10:07:10.503063,Car,Unknown,Vehicle,UNREADABLE-CAM-016-36525,46.5%,White,1619.9,SHA256:064A11E9BD16C074
10803,CAM-016,Visat T Junction P2 RLVD,23.0984,72.5841,2026-09-03 10:07:10.504249,Car,Unknown,Vehicle,UNREADABLE-CAM-016-63843,45.9%,Silver/Grey,876.7,SHA256:2F8E4E4062E13F52
10804,CAM-016,Visat T Junction P2 RLVD,23.0984,72.5841,2026-09-03 10:07:10.505533,Car,Unknown,Vehicle,UNREADABLE-CAM-016-18228,46.5%,Silver/Grey,1263.7,SHA256:493595BB33AD00AC
10805,CAM-016,Visat T Junction P2 RLVD,23.0984,72.5841,2026-09-03 10:07:10.506839,Car,Unknown,Vehicle,UNREADABLE-CAM-016-72624,44.3%,Silver/Grey,1285.3,SHA256:C4AD22C8E0253EA4
10806,CAM-016,Visat T Junction P2 RLVD,23.0984,72.5841,2026-09-03 10:07:10.508255,Car,Unknown,Vehicle,UNREADABLE-CAM-016-93473,46.3%,Silver/Grey,296.9,SHA256:2C8331538EC928C7
10807,CAM-016,Visat T Junction P2 RLVD,23.0984,72.5841,2026-09-03 10:07:10.509327,Car,Unknown,Vehicle,UNREADABLE-CAM-016-94519,44.1%,Silver/Grey,228.2,SHA256:50AD1B2E8F39E1BD
10808,CAM-016,Visat T Junction P2 RLVD,23.0984,72.5841,2026-09-03 10:07:10.510304,Car,Unknown,Vehicle,UNREADABLE-CAM-016-16521,45.9%,Silver/Grey,533.8,SHA256:A6450E5E8344E18A
10809,CAM-016,Visat T Junction P2 RLVD,23.0984,72.5841,2026-09-03 10:07:10.511313,Car,Unknown,Vehicle,UNREADABLE-CAM-016-66112,44.5%,Silver/Grey,1207.3,SHA256:6AACB822FC95B655
10810,CAM-016,Visat T Junction P2 RLVD,23.0984,72.5841,2026-09-03 10:07:10.512237,Car,Unknown,Vehicle,UNREADABLE-CAM-016-55371,45.6%,White,1124.0,SHA256:EE95CD6C373935DC
10992,CAM-016,Visat T Junction P2 RLVD,23.0984,72.5841,2026-09-03 10:08:18.548291,Scooter,Unknown,Vehicle,UNREADABLE-CAM-016-54067,54.1%,Blue,531.6,SHA256:8DD723B77DFAF235
10993,CAM-016,Visat T Junction P2 RLVD,23.0984,72.5841,2026-09-03 10:08:18.552100,Car,Unknown,Vehicle,UNREADABLE-CAM-016-72619,53.0%,White,957.7,SHA256:9931777D4CAB9758
10994,CAM-016,Visat T Junction P2 RLVD,23.0984,72.5841,2026-09-03 10:08:18.553314,Car,Unknown,Vehicle,UNREADABLE-CAM-016-57098,43.5%,Silver/Grey,122.5,SHA256:991FF985FB33845D
10995,CAM-016,Visat T Junction P2 RLVD,23.0984,72.5841,2026-09-03 10:08:18.554459,Car,Unknown,Vehicle,UNREADABLE-CAM-016-25018,50.2%,Silver/Grey,1413.5,SHA256:448E2B81DEB7BABA
10996,CAM-016,Visat T Junction P2 RLVD,23.0984,72.5841,2026-09-03 10:08:18.555590,Car,Unknown,Vehicle,UNREADABLE-CAM-016-78345,51.7%,White,1678.7,SHA256:06AFE762E79E4AB4
10997,CAM-016,Visat T Junction P2 RLVD,23.0984,72.5841,2026-09-03 10:08:18.556796,Car,Unknown,Vehicle,UNREADABLE-CAM-016-64675,40.9%,Blue,552.5,SHA256:DC33A50B1FE1E429
10998,CAM-016,Visat T Junction P2 RLVD,23.0984,72.5841,2026-09-03 10:08:18.559802,Car,Unknown,Vehicle,UNREADABLE-CAM-016-92343,49.9%,Silver/Grey,2360.5,SHA256:F2DA3AF2ADEF0F81
10999,CAM-016,Visat T Junction P2 RLVD,23.0984,72.5841,2026-09-03 10:08:18.560840,Car,Unknown,Vehicle,UNREADABLE-CAM-016-29745,49.7%,White,1131.4,SHA256:D4CE6FA9861F97E8
11000,CAM-016,Visat T Junction P2 RLVD,23.0984,72.5841,2026-09-03 10:08:18.561727,Car,Unknown,Vehicle,UNREADABLE-CAM-016-79446,46.5%,Silver/Grey,466.5,SHA256:324025626054A494
11001,CAM-016,Visat T Junction P2 RLVD,23.0984,72.5841,2026-09-03 10:08:18.562597,Car,Unknown,Vehicle,UNREADABLE-CAM-016-40405,45.5%,Silver/Grey,984.3,SHA256:BDB0A61ADE8C2DA8
11002,CAM-016,Visat T Junction P2 RLVD,23.0984,72.5841,2026-09-03 10:08:18.563449,Car,Unknown,Vehicle,UNREADABLE-CAM-016-16283,42.9%,Silver/Grey,193.7,SHA256:E5EBB0AA764A3ADA
11003,CAM-016,Visat T Junction P2 RLVD,23.0984,72.5841,2026-09-03 10:08:18.564558,Scooter,Unknown,Vehicle,UNREADABLE-CAM-016-22291,35.1%,Blue,23.8,SHA256:8EC54D66DF74FAA9
11004,CAM-016,Visat T Junction P2 RLVD,23.0984,72.5841,2026-09-03 10:08:18.566248,Auto-Rickshaw,Unknown,Vehicle,UNREADABLE-CAM-016-33440,46.7%,Silver/Grey,285.0,SHA256:726029BD1D204641
11005,CAM-016,Visat T Junction P2 RLVD,23.0984,72.5841,2026-09-03 10:08:18.567299,Car,Unknown,Vehicle,UNREADABLE-CAM-016-13928,46.9%,Silver/Grey,911.4,SHA256:15FA9B00BF58AC27
11006,CAM-016,Visat T Junction P2 RLVD,23.0984,72.5841,2026-09-03 10:08:18.568204,Car,Unknown,Vehicle,UNREADABLE-CAM-016-56077,45.6%,White,1629.6,SHA256:4DADC30435AC456B
11153,CAM-016,Visat T Junction P2 RLVD,23.0984,72.5841,2026-09-03 10:09:29.434929,Scooter,Unknown,Vehicle,UNREADABLE-CAM-016-54152,41.7%,Blue,58.8,SHA256:131BFBFE370CFA49
11154,CAM-016,Visat T Junction P2 RLVD,23.0984,72.5841,2026-09-03 10:09:29.439898,Car,Unknown,Vehicle,UNREADABLE-CAM-016-50290,50.0%,Silver/Grey,1567.4,SHA256:B67A3F29B4DC5212
11155,CAM-016,Visat T Junction P2 RLVD,23.0984,72.5841,2026-09-03 10:09:29.441249,Car,Unknown,Vehicle,UNREADABLE-CAM-016-56907,49.3%,White,2066.8,SHA256:43C90166E057FC82
11156,CAM-016,Visat T Junction P2 RLVD,23.0984,72.5841,2026-09-03 10:09:29.442807,Car,Unknown,Vehicle,UNREADABLE-CAM-016-32161,38.2%,Silver/Grey,81.2,SHA256:3503DA08EE258A44
11157,CAM-016,Visat T Junction P2 RLVD,23.0984,72.5841,2026-09-03 10:09:29.444069,Car,Unknown,Vehicle,UNREADABLE-CAM-016-60973,47.7%,White,2014.0,SHA256:91E776055714DC98
11158,CAM-016,Visat T Junction P2 RLVD,23.0984,72.5841,2026-09-03 10:09:29.445675,Car,Unknown,Vehicle,UNREADABLE-CAM-016-73127,48.7%,White,617.0,SHA256:CD15E04BA10928D1
11159,CAM-016,Visat T Junction P2 RLVD,23.0984,72.5841,2026-09-03 10:09:29.446918,Car,Unknown,Vehicle,UNREADABLE-CAM-016-52968,50.5%,White,1650.5,SHA256:BF51B84C4BAD099E
11160,CAM-016,Visat T Junction P2 RLVD,23.0984,72.5841,2026-09-03 10:09:29.449159,Car,Unknown,Vehicle,UNREADABLE-CAM-016-78135,41.5%,Blue,553.7,SHA256:AC35E2F3C786B974
11161,CAM-016,Visat T Junction P2 RLVD,23.0984,72.5841,2026-09-03 10:09:29.452482,Car,Unknown,Vehicle,UNREADABLE-CAM-016-11512,46.2%,Silver/Grey,646.1,SHA256:8A03F23ED9CB3936
11162,CAM-016,Visat T Junction P2 RLVD,23.0984,72.5841,2026-09-03 10:09:29.453614,Car,Unknown,Vehicle,UNREADABLE-CAM-016-64742,46.6%,Silver/Grey,1190.4,SHA256:656BDCC7AB5747F5
11163,CAM-016,Visat T Junction P2 RLVD,23.0984,72.5841,2026-09-03 10:09:29.454839,Car,Unknown,Vehicle,UNREADABLE-CAM-016-97632,47.6%,Silver/Grey,1347.2,SHA256:9ABB0AF6177C35A1
11164,CAM-016,Visat T Junction P2 RLVD,23.0984,72.5841,2026-09-03 10:09:29.455883,Car,Unknown,Vehicle,UNREADABLE-CAM-016-39891,45.7%,White,532.9,SHA256:12B428905D1BF6DD
11165,CAM-016,Visat T Junction P2 RLVD,23.0984,72.5841,2026-09-03 10:09:29.457176,Car,Unknown,Vehicle,UNREADABLE-CAM-016-10122,47.9%,White,618.3,SHA256:204B085D551FB678
11166,CAM-016,Visat T Junction P2 RLVD,23.0984,72.5841,2026-09-03 10:09:29.458582,Car,Unknown,Vehicle,UNREADABLE-CAM-016-40610,46.4%,White,1515.6,SHA256:D67758CC6CED0016
11167,CAM-016,Visat T Junction P2 RLVD,23.0984,72.5841,2026-09-03 10:09:29.459742,Car,Unknown,Vehicle,UNREADABLE-CAM-016-49397,48.5%,Silver/Grey,948.0,SHA256:81F4AC9ACA1A4E70
11168,CAM-016,Visat T Junction P2 RLVD,23.0984,72.5841,2026-09-03 10:09:29.460776,Scooter,Unknown,Vehicle,UNREADABLE-CAM-016-41061,44.8%,Silver/Grey,627.7,SHA256:6AC29C4B22339B70
11169,CAM-016,Visat T Junction P2 RLVD,23.0984,72.5841,2026-09-03 10:09:29.462672,Car,Unknown,Vehicle,UNREADABLE-CAM-016-95452,45.8%,Silver/Grey,1030.4,SHA256:B0F5C44BF228960D
11170,CAM-016,Visat T Junction P2 RLVD,23.0984,72.5841,2026-09-03 10:09:29.463864,Auto-Rickshaw,Unknown,Vehicle,UNREADABLE-CAM-016-60930,45.5%,Silver/Grey,627.7,SHA256:015C00057E50E586
11171,CAM-016,Visat T Junction P2 RLVD,23.0984,72.5841,2026-09-03 10:09:29.465085,Car,Unknown,Vehicle,UNREADABLE-CAM-016-78316,45.7%,Silver/Grey,827.4,SHA256:057C99DFA6231A9E
11334,CAM-016,Visat T Junction P2 RLVD,23.0984,72.5841,2026-09-03 10:10:43.375136,Scooter,Unknown,Vehicle,UNREADABLE-CAM-016-91936,48.2%,Blue,552.7,SHA256:005B6B273F8940FA
11335,CAM-016,Visat T Junction P2 RLVD,23.0984,72.5841,2026-09-03 10:10:43.379034,Car,Unknown,Vehicle,UNREADABLE-CAM-016-24539,51.5%,Silver/Grey,1323.3,SHA256:8173906C8AA99456
11336,CAM-016,Visat T Junction P2 RLVD,23.0984,72.5841,2026-09-03 10:10:43.380177,Car,Unknown,Vehicle,UNREADABLE-CAM-016-43153,44.7%,Blue,599.1,SHA256:69F978FCCFF452E8
11337,CAM-016,Visat T Junction P2 RLVD,23.0984,72.5841,2026-09-03 10:10:43.384236,Car,Unknown,Vehicle,UNREADABLE-CAM-016-64010,48.7%,Silver/Grey,1558.2,SHA256:98BB466EB6F7D40B
11338,CAM-016,Visat T Junction P2 RLVD,23.0984,72.5841,2026-09-03 10:10:43.385638,Car,Unknown,Vehicle,UNREADABLE-CAM-016-22618,49.0%,Silver/Grey,687.6,SHA256:CFE53D856839F550
11339,CAM-016,Visat T Junction P2 RLVD,23.0984,72.5841,2026-09-03 10:10:43.386773,Car,Unknown,Vehicle,UNREADABLE-CAM-016-98916,47.7%,Silver/Grey,221.2,SHA256:6ECB01F435B5060F
11340,CAM-016,Visat T Junction P2 RLVD,23.0984,72.5841,2026-09-03 10:10:43.387847,Car,Unknown,Vehicle,UNREADABLE-CAM-016-64198,49.7%,White,2248.0,SHA256:90F4EC1BABA830F0
11341,CAM-016,Visat T Junction P2 RLVD,23.0984,72.5841,2026-09-03 10:10:43.388900,Car,Unknown,Vehicle,UNREADABLE-CAM-016-69389,48.0%,Silver/Grey,2115.2,SHA256:78D0CCAFC9EC478B
11342,CAM-016,Visat T Junction P2 RLVD,23.0984,72.5841,2026-09-03 10:10:43.389934,Car,Unknown,Vehicle,UNREADABLE-CAM-016-30494,50.2%,Silver/Grey,275.8,SHA256:17C0E4E2F8177435
11343,CAM-016,Visat T Junction P2 RLVD,23.0984,72.5841,2026-09-03 10:10:43.390977,Car,Unknown,Vehicle,UNREADABLE-CAM-016-56121,46.3%,White,1267.5,SHA256:5D002C850509CAAD
11344,CAM-016,Visat T Junction P2 RLVD,23.0984,72.5841,2026-09-03 10:10:43.392195,Car,Unknown,Vehicle,UNREADABLE-CAM-016-56487,48.4%,White,1219.6,SHA256:0A13F88670249371
11345,CAM-016,Visat T Junction P2 RLVD,23.0984,72.5841,2026-09-03 10:10:43.393195,Scooter,Unknown,Vehicle,UNREADABLE-CAM-016-82526,35.5%,Blue,31.8,SHA256:9DA757F2989908BE
11346,CAM-016,Visat T Junction P2 RLVD,23.0984,72.5841,2026-09-03 10:10:43.394666,Car,Unknown,Vehicle,UNREADABLE-CAM-016-33440,44.9%,White,1207.0,SHA256:5F34FDFE872F3C55
11347,CAM-016,Visat T Junction P2 RLVD,23.0984,72.5841,2026-09-03 10:10:43.395630,Car,Unknown,Vehicle,UNREADABLE-CAM-016-89127,44.1%,White,1740.5,SHA256:4EC3283CA9A92418
11348,CAM-016,Visat T Junction P2 RLVD,23.0984,72.5841,2026-09-03 10:10:43.396719,Car,Unknown,Vehicle,UNREADABLE-CAM-016-87085,45.0%,Silver/Grey,1522.5,SHA256:DBA3D80AAED99B6D
11349,CAM-016,Visat T Junction P2 RLVD,23.0984,72.5841,2026-09-03 10:10:43.397865,Car,Unknown,Vehicle,UNREADABLE-CAM-016-48645,44.1%,White,1080.6,SHA256:A911EC7F872B8D40
11500,CAM-016,Visat T Junction P2 RLVD,23.0984,72.5841,2026-09-03 10:11:50.703468,Scooter,Unknown,Vehicle,UNREADABLE-CAM-016-72677,46.6%,Blue,555.8,SHA256:EB51A6AC68FBE598
11501,CAM-016,Visat T Junction P2 RLVD,23.0984,72.5841,2026-09-03 10:11:50.707657,Car,Unknown,Vehicle,UNREADABLE-CAM-016-60984,50.6%,Silver/Grey,1142.0,SHA256:DB0D7E46CC521746
11502,CAM-016,Visat T Junction P2 RLVD,23.0984,72.5841,2026-09-03 10:11:50.709198,Car,Unknown,Vehicle,UNREADABLE-CAM-016-73438,49.7%,Silver/Grey,803.8,SHA256:BCC0C052E7A1BC2B
11503,CAM-016,Visat T Junction P2 RLVD,23.0984,72.5841,2026-09-03 10:11:50.710589,Car,Unknown,Vehicle,UNREADABLE-CAM-016-45828,49.1%,White,791.6,SHA256:B8B6CD99EE5B9EE6
11504,CAM-016,Visat T Junction P2 RLVD,23.0984,72.5841,2026-09-03 10:11:50.712029,Car,Unknown,Vehicle,UNREADABLE-CAM-016-31952,44.0%,Green,492.7,SHA256:02F3569E82999C39
11505,CAM-016,Visat T Junction P2 RLVD,23.0984,72.5841,2026-09-03 10:11:50.715128,Car,Unknown,Vehicle,UNREADABLE-CAM-016-75739,49.6%,White,1820.1,SHA256:AE829271CC1605B7
11506,CAM-016,Visat T Junction P2 RLVD,23.0984,72.5841,2026-09-03 10:11:50.716326,Scooter,Unknown,Vehicle,UNREADABLE-CAM-016-69526,37.9%,Blue,30.5,SHA256:F8A0D240C7F8F1C7
11507,CAM-016,Visat T Junction P2 RLVD,23.0984,72.5841,2026-09-03 10:11:50.717942,Car,Unknown,Vehicle,UNREADABLE-CAM-016-28074,49.4%,White,933.8,SHA256:F2FF54A88CAB0A73
11508,CAM-016,Visat T Junction P2 RLVD,23.0984,72.5841,2026-09-03 10:11:50.718929,Car,Unknown,Vehicle,UNREADABLE-CAM-016-90136,42.5%,Silver/Grey,195.8,SHA256:135B7335C455B32D
11509,CAM-016,Visat T Junction P2 RLVD,23.0984,72.5841,2026-09-03 10:11:50.720494,Car,Unknown,Vehicle,UNREADABLE-CAM-016-81139,42.5%,Silver/Grey,174.2,SHA256:4A0EBB51999C5EEB
11510,CAM-016,Visat T Junction P2 RLVD,23.0984,72.5841,2026-09-03 10:11:50.721949,Car,Unknown,Vehicle,UNREADABLE-CAM-016-61687,47.1%,White,1189.6,SHA256:4D341ADEB1D63519
11511,CAM-016,Visat T Junction P2 RLVD,23.0984,72.5841,2026-09-03 10:11:50.723068,Car,Unknown,Vehicle,UNREADABLE-CAM-016-43340,47.3%,Silver/Grey,1079.0,SHA256:405167830A26F1A9
11512,CAM-016,Visat T Junction P2 RLVD,23.0984,72.5841,2026-09-03 10:11:50.724196,Car,Unknown,Vehicle,UNREADABLE-CAM-016-96125,45.3%,Silver/Grey,772.2,SHA256:76791E57AE40FEDA
11513,CAM-016,Visat T Junction P2 RLVD,23.0984,72.5841,2026-09-03 10:11:50.725168,Car,Unknown,Vehicle,UNREADABLE-CAM-016-75681,46.0%,White,2228.8,SHA256:B73C456C38D3A853
11514,CAM-016,Visat T Junction P2 RLVD,23.0984,72.5841,2026-09-03 10:11:50.726224,Car,Unknown,Vehicle,UNREADABLE-CAM-016-20572,44.4%,White,665.3,SHA256:5C7B64E47CCFAF9F
11515,CAM-016,Visat T Junction P2 RLVD,23.0984,72.5841,2026-09-03 10:11:50.727537,Car,Unknown,Vehicle,UNREADABLE-CAM-016-53864,46.4%,Silver/Grey,563.6,SHA256:AA8813FF90F18D0B
11516,CAM-016,Visat T Junction P2 RLVD,23.0984,72.5841,2026-09-03 10:11:50.728982,Car,Unknown,Vehicle,UNREADABLE-CAM-016-74218,43.9%,Silver/Grey,225.0,SHA256:17B6415A5A8B6E60
11655,CAM-016,Visat T Junction P2 RLVD,23.0984,72.5841,2026-09-03 10:12:56.770409,Scooter,Unknown,Vehicle,UNREADABLE-CAM-016-32361,48.4%,Blue,613.8,SHA256:9E63D4F1D23FB25E
11656,CAM-016,Visat T Junction P2 RLVD,23.0984,72.5841,2026-09-03 10:12:56.774255,Car,Unknown,Vehicle,UNREADABLE-CAM-016-76455,42.2%,Green,491.5,SHA256:C887494939C766D0
11657,CAM-016,Visat T Junction P2 RLVD,23.0984,72.5841,2026-09-03 10:12:56.778934,Car,Unknown,Vehicle,UNREADABLE-CAM-016-89242,50.6%,Silver/Grey,1311.7,SHA256:458222CB6DFF385E
11658,CAM-016,Visat T Junction P2 RLVD,23.0984,72.5841,2026-09-03 10:12:56.780786,Car,Unknown,Vehicle,UNREADABLE-CAM-016-39276,48.1%,White,775.4,SHA256:06880AB02A1D569C
11659,CAM-016,Visat T Junction P2 RLVD,23.0984,72.5841,2026-09-03 10:12:56.782510,Car,Unknown,Vehicle,UNREADABLE-CAM-016-83315,50.5%,White,370.3,SHA256:4381AA122A09EA8F
11660,CAM-016,Visat T Junction P2 RLVD,23.0984,72.5841,2026-09-03 10:12:56.783848,Car,Unknown,Vehicle,UNREADABLE-CAM-016-29059,47.4%,White,2639.1,SHA256:4AD732AC5940568F
11661,CAM-016,Visat T Junction P2 RLVD,23.0984,72.5841,2026-09-03 10:12:56.785034,Car,Unknown,Vehicle,UNREADABLE-CAM-016-80654,49.9%,Silver/Grey,317.6,SHA256:F174D85F91F3486D
11662,CAM-016,Visat T Junction P2 RLVD,23.0984,72.5841,2026-09-03 10:12:56.786143,Truck,Unknown,Vehicle,UNREADABLE-CAM-016-67286,52.0%,Silver/Grey,804.4,SHA256:F66A268627375A4B
11663,CAM-016,Visat T Junction P2 RLVD,23.0984,72.5841,2026-09-03 10:12:56.787341,Scooter,Unknown,Vehicle,UNREADABLE-CAM-016-78600,49.1%,Blue,1331.4,SHA256:AE91AC2EDF1B3E8B
11664,CAM-016,Visat T Junction P2 RLVD,23.0984,72.5841,2026-09-03 10:12:56.788648,Car,Unknown,Vehicle,UNREADABLE-CAM-016-45104,46.3%,White,863.1,SHA256:0A06B20C4E0EEFDF
11665,CAM-016,Visat T Junction P2 RLVD,23.0984,72.5841,2026-09-03 10:12:56.789870,Car,Unknown,Vehicle,UNREADABLE-CAM-016-55852,44.6%,White,1510.9,SHA256:46BB6626ADD78C60
11666,CAM-016,Visat T Junction P2 RLVD,23.0984,72.5841,2026-09-03 10:12:56.791085,Truck,Unknown,Vehicle,UNREADABLE-CAM-016-72035,45.9%,Silver/Grey,775.7,SHA256:17EAFBBF5B8EE426
11667,CAM-016,Visat T Junction P2 RLVD,23.0984,72.5841,2026-09-03 10:12:56.792145,Scooter,Unknown,Vehicle,UNREADABLE-CAM-016-44922,39.0%,Blue,64.7,SHA256:014F1F9F18D7D208
11668,CAM-016,Visat T Junction P2 RLVD,23.0984,72.5841,2026-09-03 10:12:56.793802,Truck,Unknown,Vehicle,UNREADABLE-CAM-016-81640,48.2%,Silver/Grey,892.9,SHA256:9A6031C24BA29807
11669,CAM-016,Visat T Junction P2 RLVD,23.0984,72.5841,2026-09-03 10:12:56.795120,Auto-Rickshaw,Unknown,Vehicle,UNREADABLE-CAM-016-19232,45.5%,Silver/Grey,641.5,SHA256:60726D45A745048C
11670,CAM-016,Visat T Junction P2 RLVD,23.0984,72.5841,2026-09-03 10:12:56.796389,Car,Unknown,Vehicle,UNREADABLE-CAM-016-55791,44.6%,Silver/Grey,668.7,SHA256:8C65DF75985BCD28
11671,CAM-016,Visat T Junction P2 RLVD,23.0984,72.5841,2026-09-03 10:12:56.797665,Car,Unknown,Vehicle,UNREADABLE-CAM-016-49862,45.4%,White,899.9,SHA256:FB6E33AC3AFB08A1
11790,CAM-016,Visat T Junction P2 RLVD,23.0984,72.5841,2026-09-03 10:14:02.762841,Scooter,Unknown,Vehicle,UNREADABLE-CAM-016-82534,46.0%,Blue,621.2,SHA256:EEC9396C82AC0427
11791,CAM-016,Visat T Junction P2 RLVD,23.0984,72.5841,2026-09-03 10:14:02.767283,Auto-Rickshaw,Unknown,Vehicle,UNREADABLE-CAM-016-97654,51.0%,Silver/Grey,815.1,SHA256:FA92791C40AADA71
11792,CAM-016,Visat T Junction P2 RLVD,23.0984,72.5841,2026-09-03 10:14:02.768740,Car,Unknown,Vehicle,UNREADABLE-CAM-016-58971,46.6%,Green,407.0,SHA256:229044DCE2025118
11793,CAM-016,Visat T Junction P2 RLVD,23.0984,72.5841,2026-09-03 10:14:02.772325,Car,Unknown,Vehicle,UNREADABLE-CAM-016-36947,49.9%,Silver/Grey,455.4,SHA256:7159BBD874865BDE
11794,CAM-016,Visat T Junction P2 RLVD,23.0984,72.5841,2026-09-03 10:14:02.774199,Scooter,Unknown,Vehicle,UNREADABLE-CAM-016-29964,38.8%,Blue,25.9,SHA256:056382A7738A3264
11795,CAM-016,Visat T Junction P2 RLVD,23.0984,72.5841,2026-09-03 10:14:02.775632,Car,Unknown,Vehicle,UNREADABLE-CAM-016-49995,47.4%,White,1224.9,SHA256:29BBDBE801CB1F7E
11796,CAM-016,Visat T Junction P2 RLVD,23.0984,72.5841,2026-09-03 10:14:02.776769,Car,Unknown,Vehicle,UNREADABLE-CAM-016-78646,46.0%,White,1105.0,SHA256:6646E6EF169F39C4
11797,CAM-016,Visat T Junction P2 RLVD,23.0984,72.5841,2026-09-03 10:14:02.777782,Truck,Unknown,Vehicle,UNREADABLE-CAM-016-64729,48.6%,Silver/Grey,846.8,SHA256:F00EDACC81FE3368
11798,CAM-016,Visat T Junction P2 RLVD,23.0984,72.5841,2026-09-03 10:14:02.779153,Scooter,Unknown,Vehicle,UNREADABLE-CAM-016-69494,47.1%,Blue,1261.4,SHA256:37D27E1121589D6F
11799,CAM-016,Visat T Junction P2 RLVD,23.0984,72.5841,2026-09-03 10:14:02.780024,Car,Unknown,Vehicle,UNREADABLE-CAM-016-31479,45.0%,White,1112.9,SHA256:96C7F0E8B2BED386
11800,CAM-016,Visat T Junction P2 RLVD,23.0984,72.5841,2026-09-03 10:14:02.781382,Car,Unknown,Vehicle,UNREADABLE-CAM-016-54422,46.1%,White,1195.1,SHA256:E8FBF26D859944F5
11801,CAM-016,Visat T Junction P2 RLVD,23.0984,72.5841,2026-09-03 10:14:02.783190,Car,Unknown,Vehicle,UNREADABLE-CAM-016-68039,45.6%,Silver/Grey,877.2,SHA256:E442DA91D979747E
11907,CAM-016,Visat T Junction P2 RLVD,23.0984,72.5841,2026-09-03 10:15:09.923304,Scooter,Unknown,Vehicle,UNREADABLE-CAM-016-25288,44.2%,Blue,552.8,SHA256:0106CEC5FFE537A6
11908,CAM-016,Visat T Junction P2 RLVD,23.0984,72.5841,2026-09-03 10:15:09.927880,Auto-Rickshaw,Unknown,Vehicle,UNREADABLE-CAM-016-54080,51.6%,Silver/Grey,833.9,SHA256:CC6B086D2FC5E03D
11909,CAM-016,Visat T Junction P2 RLVD,23.0984,72.5841,2026-09-03 10:15:09.929509,Car,Unknown,Vehicle,UNREADABLE-CAM-016-51418,49.3%,White,1026.2,SHA256:EE99D964428D5CAD
11910,CAM-016,Visat T Junction P2 RLVD,23.0984,72.5841,2026-09-03 10:15:09.931056,Car,Unknown,Vehicle,UNREADABLE-CAM-016-92657,39.5%,Green,492.5,SHA256:87CFE7731E209F08
11911,CAM-016,Visat T Junction P2 RLVD,23.0984,72.5841,2026-09-03 10:15:09.934830,Car,Unknown,Vehicle,UNREADABLE-CAM-016-42986,49.2%,White,433.1,SHA256:40437D4DE98E458B
11912,CAM-016,Visat T Junction P2 RLVD,23.0984,72.5841,2026-09-03 10:15:09.936360,Car,Unknown,Vehicle,UNREADABLE-CAM-016-36471,47.8%,White,738.5,SHA256:20BB6508903DE686
11913,CAM-016,Visat T Junction P2 RLVD,23.0984,72.5841,2026-09-03 10:15:09.937998,Scooter,Unknown,Vehicle,UNREADABLE-CAM-016-50688,37.5%,Blue,29.1,SHA256:33A99C66D83AC9CF
11914,CAM-016,Visat T Junction P2 RLVD,23.0984,72.5841,2026-09-03 10:15:09.939567,Scooter,Unknown,Vehicle,UNREADABLE-CAM-016-77683,45.0%,Silver/Grey,1365.9,SHA256:2F8BDCD1B1CD4D28
11990,CAM-016,Visat T Junction P2 RLVD,23.0984,72.5841,2026-09-03 10:16:13.819635,Scooter,Unknown,Vehicle,UNREADABLE-CAM-016-37738,49.5%,Blue,610.9,SHA256:619E0D9CB56BC822
11991,CAM-016,Visat T Junction P2 RLVD,23.0984,72.5841,2026-09-03 10:16:13.823740,Car,Unknown,Vehicle,UNREADABLE-CAM-016-65625,51.3%,Silver/Grey,1638.1,SHA256:1C44529D4E9D351B
11992,CAM-016,Visat T Junction P2 RLVD,23.0984,72.5841,2026-09-03 10:16:13.825150,Car,Unknown,Vehicle,UNREADABLE-CAM-016-77589,45.5%,Green,519.2,SHA256:E49305EA2A0A7B74
11993,CAM-016,Visat T Junction P2 RLVD,23.0984,72.5841,2026-09-03 10:16:13.828222,Scooter,Unknown,Vehicle,UNREADABLE-CAM-016-76745,36.6%,Blue,39.4,SHA256:556054D174FE718E
11994,CAM-016,Visat T Junction P2 RLVD,23.0984,72.5841,2026-09-03 10:16:13.830204,Car,Unknown,Vehicle,UNREADABLE-CAM-016-23162,48.0%,White,1057.5,SHA256:9E12D1A81C05BABF
11995,CAM-016,Visat T Junction P2 RLVD,23.0984,72.5841,2026-09-03 10:16:13.831376,Scooter,Unknown,Vehicle,UNREADABLE-CAM-016-10108,48.2%,Blue,1062.1,SHA256:1241962CC9DD4495
12057,CAM-016,Visat T Junction P2 RLVD,23.0984,72.5841,2026-09-03 10:17:18.808232,Scooter,Unknown,Vehicle,UNREADABLE-CAM-016-28897,44.7%,Blue,572.3,SHA256:23AB6F93E35CC089
12058,CAM-016,Visat T Junction P2 RLVD,23.0984,72.5841,2026-09-03 10:17:18.811597,Car,Unknown,Vehicle,UNREADABLE-CAM-016-15877,49.1%,White,1666.3,SHA256:291C9A0A114D3F4A
12059,CAM-016,Visat T Junction P2 RLVD,23.0984,72.5841,2026-09-03 10:17:18.812864,Car,Unknown,Vehicle,UNREADABLE-CAM-016-89150,40.2%,Green,283.7,SHA256:A9CD070C48DC783B
12060,CAM-016,Visat T Junction P2 RLVD,23.0984,72.5841,2026-09-03 10:17:18.816038,Car,Unknown,Vehicle,UNREADABLE-CAM-016-54601,47.3%,White,367.1,SHA256:90C4318BEF66C2BE
12061,CAM-016,Visat T Junction P2 RLVD,23.0984,72.5841,2026-09-03 10:17:18.817523,Scooter,Unknown,Vehicle,UNREADABLE-CAM-016-79002,35.2%,Blue,46.7,SHA256:179E5C1C96E1ED86
12131,CAM-016,Visat T Junction P2 RLVD,23.0984,72.5841,2026-09-03 10:18:25.045765,Scooter,Unknown,Vehicle,UNREADABLE-CAM-016-60491,58.1%,Blue,438.9,SHA256:D62AD8FBC98FF722
12132,CAM-016,Visat T Junction P2 RLVD,23.0984,72.5841,2026-09-03 10:18:25.049860,Car,Unknown,Vehicle,UNREADABLE-CAM-016-44363,49.9%,Blue,353.8,SHA256:F6FF7085789E63FA
12133,CAM-016,Visat T Junction P2 RLVD,23.0984,72.5841,2026-09-03 10:18:25.051495,Car,Unknown,Vehicle,UNREADABLE-CAM-016-52174,50.8%,White,1467.6,SHA256:A5144607F19E5EA6
12134,CAM-016,Visat T Junction P2 RLVD,23.0984,72.5841,2026-09-03 10:18:25.052678,Car,Unknown,Vehicle,UNREADABLE-CAM-016-67464,41.0%,Green,383.9,SHA256:6B9E6F8F12DDB4A2
12135,CAM-016,Visat T Junction P2 RLVD,23.0984,72.5841,2026-09-03 10:18:25.056189,Scooter,Unknown,Vehicle,UNREADABLE-CAM-016-17497,46.7%,Silver/Grey,516.1,SHA256:131E58CF0DC85A75
12136,CAM-016,Visat T Junction P2 RLVD,23.0984,72.5841,2026-09-03 10:18:25.057659,Scooter,Unknown,Vehicle,UNREADABLE-CAM-016-74727,36.6%,Blue,39.1,SHA256:3F7CB31702589CD9
12206,CAM-016,Visat T Junction P2 RLVD,23.0984,72.5841,2026-09-03 10:19:32.288689,Scooter,Unknown,Vehicle,UNREADABLE-CAM-016-16491,30.9%,Blue,7.2,SHA256:6C86BE06196F8FF5
12207,CAM-016,Visat T Junction P2 RLVD,23.0984,72.5841,2026-09-03 10:19:32.293139,Car,Unknown,Vehicle,UNREADABLE-CAM-016-99562,49.1%,Blue,440.1,SHA256:F5E09419614C5E48
12208,CAM-016,Visat T Junction P2 RLVD,23.0984,72.5841,2026-09-03 10:19:32.294347,Scooter,Unknown,Vehicle,UNREADABLE-CAM-016-60744,39.5%,Blue,43.8,SHA256:40FAB6C0A70E94A5
12209,CAM-016,Visat T Junction P2 RLVD,23.0984,72.5841,2026-09-03 10:19:32.296319,Truck,Unknown,Vehicle,UNREADABLE-CAM-016-66284,49.8%,Blue,349.4,SHA256:9382041E2A8B044A
12210,CAM-016,Visat T Junction P2 RLVD,23.0984,72.5841,2026-09-03 10:19:32.297700,Car,Unknown,Vehicle,UNREADABLE-CAM-016-12045,44.8%,Blue,389.9,SHA256:3507BE43C34C2860
12253,CAM-016,Visat T Junction P2 RLVD,23.0984,72.5841,2026-09-03 10:20:35.625952,Scooter,Unknown,Vehicle,UNREADABLE-CAM-016-77715,46.2%,Blue,484.5,SHA256:1252D27687605889
12254,CAM-016,Visat T Junction P2 RLVD,23.0984,72.5841,2026-09-03 10:20:35.630257,Car,Unknown,Vehicle,UNREADABLE-CAM-016-42374,49.2%,Blue,473.8,SHA256:20427535B5C87DCF
12255,CAM-016,Visat T Junction P2 RLVD,23.0984,72.5841,2026-09-03 10:20:35.631792,Scooter,Unknown,Vehicle,UNREADABLE-CAM-016-73981,40.3%,Blue,54.4,SHA256:6B2DCB5EA374F889
12286,CAM-016,Visat T Junction P2 RLVD,23.0984,72.5841,2026-09-03 10:21:36.543819,Scooter,Unknown,Vehicle,UNREADABLE-CAM-016-22243,43.4%,Blue,1692.0,SHA256:9304E019C62D684A
12287,CAM-016,Visat T Junction P2 RLVD,23.0984,72.5841,2026-09-03 10:21:36.547651,Scooter,Unknown,Vehicle,UNREADABLE-CAM-016-94522,41.1%,Blue,48.2,SHA256:EAAFD09C16689162
12288,CAM-016,Visat T Junction P2 RLVD,23.0984,72.5841,2026-09-03 10:21:36.549298,Car,Unknown,Vehicle,UNREADABLE-CAM-016-29350,49.2%,Blue,555.3,SHA256:F59F5D36B34F70B7
12329,CAM-016,Visat T Junction P2 RLVD,23.0984,72.5841,2026-09-03 10:22:40.203142,Scooter,Unknown,Vehicle,UNREADABLE-CAM-016-30353,42.9%,Blue,495.3,SHA256:C25EF49990B7F118
12330,CAM-016,Visat T Junction P2 RLVD,23.0984,72.5841,2026-09-03 10:22:40.207927,Scooter,Unknown,Vehicle,UNREADABLE-CAM-016-69201,44.8%,Blue,76.5,SHA256:129326DCC7DA4E4B
12331,CAM-016,Visat T Junction P2 RLVD,23.0984,72.5841,2026-09-03 10:22:40.210323,Car,Unknown,Vehicle,UNREADABLE-CAM-016-51237,52.9%,Blue,546.6,SHA256:3EF7BA939F8EF331
12369,CAM-016,Visat T Junction P2 RLVD,23.0984,72.5841,2026-09-03 10:23:41.658524,Scooter,Unknown,Vehicle,UNREADABLE-CAM-016-92499,43.4%,Blue,716.9,SHA256:FB413FC7B6A2F096
12370,CAM-016,Visat T Junction P2 RLVD,23.0984,72.5841,2026-09-03 10:23:41.661865,Scooter,Unknown,Vehicle,UNREADABLE-CAM-016-82279,46.8%,Blue,124.9,SHA256:FFE87B422821379E
12371,CAM-016,Visat T Junction P2 RLVD,23.0984,72.5841,2026-09-03 10:23:41.663903,Car,Unknown,Vehicle,UNREADABLE-CAM-016-32842,52.4%,Blue,512.5,SHA256:D6BEF91156601D20
12408,CAM-016,Visat T Junction P2 RLVD,23.0984,72.5841,2026-09-03 10:24:43.629641,Scooter,Unknown,Vehicle,UNREADABLE-CAM-016-31739,43.3%,Blue,739.2,SHA256:A7A15D38F5D362DD
12409,CAM-016,Visat T Junction P2 RLVD,23.0984,72.5841,2026-09-03 10:24:43.632455,Scooter,Unknown,Vehicle,UNREADABLE-CAM-016-63491,45.0%,Blue,135.4,SHA256:E52E3126F5536785
12410,CAM-016,Visat T Junction P2 RLVD,23.0984,72.5841,2026-09-03 10:24:43.634093,Car,Unknown,Vehicle,UNREADABLE-CAM-016-59326,46.8%,White,413.6,SHA256:5D63E477BAD89A51
12411,CAM-016,Visat T Junction P2 RLVD,23.0984,72.5841,2026-09-03 10:24:43.635274,Auto-Rickshaw,Unknown,Vehicle,UNREADABLE-CAM-016-51568,43.5%,White,230.3,SHA256:5C166B578B1C7530
12442,CAM-016,Visat T Junction P2 RLVD,23.0984,72.5841,2026-09-03 10:25:44.384893,Scooter,Unknown,Vehicle,UNREADABLE-CAM-016-22458,33.4%,Blue,19.2,SHA256:D88073ABB1A5CBA8
12443,CAM-016,Visat T Junction P2 RLVD,23.0984,72.5841,2026-09-03 10:25:44.388098,Scooter,Unknown,Vehicle,UNREADABLE-CAM-016-29275,52.4%,Blue,557.9,SHA256:F03B40736F6D9C84
12474,CAM-016,Visat T Junction P2 RLVD,23.0984,72.5841,2026-09-03 10:26:43.073840,Scooter,Unknown,Vehicle,UNREADABLE-CAM-016-29843,43.8%,Blue,740.9,SHA256:0921AFDAAE77BCD0
12475,CAM-016,Visat T Junction P2 RLVD,23.0984,72.5841,2026-09-03 10:26:43.077281,Scooter,Unknown,Vehicle,UNREADABLE-CAM-016-32909,46.9%,Blue,463.3,SHA256:ED9F355C2BFE8BB1
12504,CAM-016,Visat T Junction P2 RLVD,23.0984,72.5841,2026-09-03 10:27:41.963274,Scooter,Unknown,Vehicle,UNREADABLE-CAM-016-55996,41.5%,Blue,15.2,SHA256:561EE76A6B4327C2
12505,CAM-016,Visat T Junction P2 RLVD,23.0984,72.5841,2026-09-03 10:27:41.967656,Scooter,Unknown,Vehicle,UNREADABLE-CAM-016-87391,50.6%,Blue,529.0,SHA256:A971B636FA9B2429
12538,CAM-016,Visat T Junction P2 RLVD,23.0984,72.5841,2026-09-03 10:28:42.046134,Scooter,Unknown,Vehicle,UNREADABLE-CAM-016-95026,42.5%,Blue,17.1,SHA256:56B3089750BEA605
12539,CAM-016,Visat T Junction P2 RLVD,23.0984,72.5841,2026-09-03 10:28:42.050229,Scooter,Unknown,Vehicle,UNREADABLE-CAM-016-55637,56.5%,Blue,458.2,SHA256:2E921F162598ECF1
12578,CAM-016,Visat T Junction P2 RLVD,23.0984,72.5841,2026-09-03 10:29:41.605046,Scooter,Unknown,Vehicle,UNREADABLE-CAM-016-40439,40.7%,Blue,15.2,SHA256:A1E69D104D348EC1
12579,CAM-016,Visat T Junction P2 RLVD,23.0984,72.5841,2026-09-03 10:29:41.609509,Scooter,Unknown,Vehicle,UNREADABLE-CAM-016-49416,60.2%,Blue,444.9,SHA256:EB85522C17C54887
12629,CAM-016,Visat T Junction P2 RLVD,23.0984,72.5841,2026-09-03 10:30:41.894398,Scooter,Unknown,Vehicle,UNREADABLE-CAM-016-39344,43.4%,Blue,16.8,SHA256:4A2089B4FCB8A2B3
12630,CAM-016,Visat T Junction P2 RLVD,23.0984,72.5841,2026-09-03 10:30:41.898080,Scooter,Unknown,Vehicle,UNREADABLE-CAM-016-55086,52.3%,Blue,483.5,SHA256:3AA86E3A2E5FF5A6
12711,CAM-016,Visat T Junction P2 RLVD,23.0984,72.5841,2026-09-03 10:31:44.663679,Scooter,Unknown,Vehicle,UNREADABLE-CAM-016-17323,37.5%,Blue,17.5,SHA256:0ABBB0793E34FA40
12712,CAM-016,Visat T Junction P2 RLVD,23.0984,72.5841,2026-09-03 10:31:44.667857,Scooter,Unknown,Vehicle,UNREADABLE-CAM-016-56611,52.9%,Blue,398.1,SHA256:7071CDB4409A685A
12786,CAM-016,Visat T Junction P2 RLVD,23.0984,72.5841,2026-09-03 10:32:49.147256,Scooter,Unknown,Vehicle,UNREADABLE-CAM-016-77663,37.0%,Blue,18.6,SHA256:4BF3F15FC25ABE16
12787,CAM-016,Visat T Junction P2 RLVD,23.0984,72.5841,2026-09-03 10:32:49.152393,Scooter,Unknown,Vehicle,UNREADABLE-CAM-016-64649,43.8%,Blue,123.1,SHA256:37279F87E8141642
12824,CAM-016,Visat T Junction P2 RLVD,23.0984,72.5841,2026-09-03 10:33:51.406302,Scooter,Unknown,Vehicle,UNREADABLE-CAM-016-52097,41.8%,Blue,22.9,SHA256:535D64917FB0F18E
12825,CAM-016,Visat T Junction P2 RLVD,23.0984,72.5841,2026-09-03 10:33:51.410318,Scooter,Unknown,Vehicle,UNREADABLE-CAM-016-23153,46.9%,Blue,131.8,SHA256:C49DC3D61CAA3CF4
12846,CAM-016,Visat T Junction P2 RLVD,23.0984,72.5841,2026-09-03 10:34:51.882658,Scooter,Unknown,Vehicle,UNREADABLE-CAM-016-34264,44.1%,Blue,21.7,SHA256:31230C2162128CD6
12847,CAM-016,Visat T Junction P2 RLVD,23.0984,72.5841,2026-09-03 10:34:51.886896,Scooter,Unknown,Vehicle,UNREADABLE-CAM-016-77436,45.2%,Blue,138.4,SHA256:A3C2EDF71AD9594B
12866,CAM-016,Visat T Junction P2 RLVD,23.0984,72.5841,2026-09-03 10:35:52.157491,Scooter,Unknown,Vehicle,UNREADABLE-CAM-016-98060,47.3%,Blue,19.7,SHA256:F1D993F57300E339
12867,CAM-016,Visat T Junction P2 RLVD,23.0984,72.5841,2026-09-03 10:35:52.163470,Scooter,Unknown,Vehicle,UNREADABLE-CAM-016-24157,48.0%,Blue,138.4,SHA256:EB6D4453AD72B31D
12895,CAM-016,Visat T Junction P2 RLVD,23.0984,72.5841,2026-09-03 10:36:52.666094,Scooter,Unknown,Vehicle,UNREADABLE-CAM-016-73435,42.1%,Blue,21.0,SHA256:E85CBF7FE8025102
12896,CAM-016,Visat T Junction P2 RLVD,23.0984,72.5841,2026-09-03 10:36:52.669331,Scooter,Unknown,Vehicle,UNREADABLE-CAM-016-80534,45.1%,Blue,140.7,SHA256:58EA5AF747CAC7C2
12897,CAM-016,Visat T Junction P2 RLVD,23.0984,72.5841,2026-09-03 10:36:52.670938,Car,Unknown,Vehicle,UNREADABLE-CAM-016-17662,46.5%,White,2585.2,SHA256:C809884A0CD46614
12925,CAM-016,Visat T Junction P2 RLVD,23.0984,72.5841,2026-09-03 10:37:53.163106,Scooter,Unknown,Vehicle,UNREADABLE-CAM-016-14011,42.6%,Blue,19.1,SHA256:F3D5808366D9464D
12926,CAM-016,Visat T Junction P2 RLVD,23.0984,72.5841,2026-09-03 10:37:53.166585,Scooter,Unknown,Vehicle,UNREADABLE-CAM-016-23884,47.0%,Blue,134.3,SHA256:C932BCD93F4F1AA8
12927,CAM-016,Visat T Junction P2 RLVD,23.0984,72.5841,2026-09-03 10:37:53.168803,Car,Unknown,Vehicle,UNREADABLE-CAM-016-25731,51.0%,White,1674.4,SHA256:0CAE617434413CB8
12955,CAM-016,Visat T Junction P2 RLVD,23.0984,72.5841,2026-09-03 10:38:53.634106,Scooter,Unknown,Vehicle,UNREADABLE-CAM-016-68873,44.0%,Blue,18.1,SHA256:B5E43E456D7D42D9
12956,CAM-016,Visat T Junction P2 RLVD,23.0984,72.5841,2026-09-03 10:38:53.636977,Scooter,Unknown,Vehicle,UNREADABLE-CAM-016-55453,46.7%,Blue,127.4,SHA256:D9F799D84AB7E595
12957,CAM-016,Visat T Junction P2 RLVD,23.0984,72.5841,2026-09-03 10:38:53.638415,Car,Unknown,Vehicle,UNREADABLE-CAM-016-49452,50.5%,White,1612.8,SHA256:4A89F951B996006E
12989,CAM-016,Visat T Junction P2 RLVD,23.0984,72.5841,2026-09-03 10:39:54.305246,Scooter,Unknown,Vehicle,UNREADABLE-CAM-016-92254,44.3%,Blue,19.5,SHA256:95EF783B2D4EC9EA
12990,CAM-016,Visat T Junction P2 RLVD,23.0984,72.5841,2026-09-03 10:39:54.308453,Scooter,Unknown,Vehicle,UNREADABLE-CAM-016-74863,46.7%,Blue,124.9,SHA256:2C8A0489705B8155
12991,CAM-016,Visat T Junction P2 RLVD,23.0984,72.5841,2026-09-03 10:39:54.310141,Car,Unknown,Vehicle,UNREADABLE-CAM-016-21176,48.5%,White,1506.0,SHA256:EF3F051E9B644D69
13030,CAM-016,Visat T Junction P2 RLVD,23.0984,72.5841,2026-09-03 10:40:55.460434,Scooter,Unknown,Vehicle,UNREADABLE-CAM-016-55362,42.5%,Blue,21.6,SHA256:05B3A9C382053DF0
13031,CAM-016,Visat T Junction P2 RLVD,23.0984,72.5841,2026-09-03 10:40:55.463622,Scooter,Unknown,Vehicle,UNREADABLE-CAM-016-80533,45.6%,Blue,123.0,SHA256:8C57A1A6A8B56BEA
13032,CAM-016,Visat T Junction P2 RLVD,23.0984,72.5841,2026-09-03 10:40:55.465536,Car,Unknown,Vehicle,UNREADABLE-CAM-016-65068,50.9%,White,1707.5,SHA256:A35BB58FC664999F
13033,CAM-016,Visat T Junction P2 RLVD,23.0984,72.5841,2026-09-03 10:40:55.466722,Car,Unknown,Vehicle,UNREADABLE-CAM-016-65435,37.6%,Red,134.7,SHA256:1EB48B30E4678762
13074,CAM-016,Visat T Junction P2 RLVD,23.0984,72.5841,2026-09-03 10:41:56.679998,Scooter,Unknown,Vehicle,UNREADABLE-CAM-016-47408,43.7%,Blue,20.7,SHA256:2818966C6D599A9A
13075,CAM-016,Visat T Junction P2 RLVD,23.0984,72.5841,2026-09-03 10:41:56.682977,Scooter,Unknown,Vehicle,UNREADABLE-CAM-016-45499,46.8%,Blue,120.4,SHA256:FE7E8F3FD50498A4
13076,CAM-016,Visat T Junction P2 RLVD,23.0984,72.5841,2026-09-03 10:41:56.684590,Car,Unknown,Vehicle,UNREADABLE-CAM-016-25256,51.5%,White,1314.2,SHA256:01108DC3A8E3D439
13116,CAM-016,Visat T Junction P2 RLVD,23.0984,72.5841,2026-09-03 10:42:57.843392,Scooter,Unknown,Vehicle,UNREADABLE-CAM-016-91871,43.8%,Blue,21.5,SHA256:CDD12E29E0759F10
13117,CAM-016,Visat T Junction P2 RLVD,23.0984,72.5841,2026-09-03 10:42:57.846401,Scooter,Unknown,Vehicle,UNREADABLE-CAM-016-59447,45.5%,Blue,116.2,SHA256:18E1788B28C68EC8
13118,CAM-016,Visat T Junction P2 RLVD,23.0984,72.5841,2026-09-03 10:42:57.848127,Car,Unknown,Vehicle,UNREADABLE-CAM-016-44721,50.5%,White,1358.2,SHA256:FD132C99462CB8D7
13168,CAM-016,Visat T Junction P2 RLVD,23.0984,72.5841,2026-09-03 10:44:00.280755,Scooter,Unknown,Vehicle,UNREADABLE-CAM-016-57055,42.1%,Blue,21.0,SHA256:06B2B91B5E16C5E4
13169,CAM-016,Visat T Junction P2 RLVD,23.0984,72.5841,2026-09-03 10:44:00.284083,Scooter,Unknown,Vehicle,UNREADABLE-CAM-016-35747,44.7%,Blue,106.4,SHA256:ECDB5EE547A394D8
13170,CAM-016,Visat T Junction P2 RLVD,23.0984,72.5841,2026-09-03 10:44:00.285777,Car,Unknown,Vehicle,UNREADABLE-CAM-016-36869,51.2%,White,1485.4,SHA256:37FB73006C985CA9
13233,CAM-016,Visat T Junction P2 RLVD,23.0984,72.5841,2026-09-03 10:45:04.820002,Scooter,Unknown,Vehicle,UNREADABLE-CAM-016-54339,43.5%,Blue,22.9,SHA256:50FAF6935DAE325B
13234,CAM-016,Visat T Junction P2 RLVD,23.0984,72.5841,2026-09-03 10:45:04.822940,Scooter,Unknown,Vehicle,UNREADABLE-CAM-016-39913,44.7%,Blue,113.4,SHA256:52764FE6022EC5F6
13235,CAM-016,Visat T Junction P2 RLVD,23.0984,72.5841,2026-09-03 10:45:04.824375,Car,Unknown,Vehicle,UNREADABLE-CAM-016-76749,50.7%,White,1351.4,SHA256:75479CAC9BE9D2DD
13291,CAM-016,Visat T Junction P2 RLVD,23.0984,72.5841,2026-09-03 10:46:07.876274,Scooter,Unknown,Vehicle,UNREADABLE-CAM-016-20269,44.9%,Blue,21.4,SHA256:2D8F9A7379BF7A9D
13292,CAM-016,Visat T Junction P2 RLVD,23.0984,72.5841,2026-09-03 10:46:07.879332,Scooter,Unknown,Vehicle,UNREADABLE-CAM-016-57252,45.8%,Blue,118.7,SHA256:EE19BBAED08BEA30
13293,CAM-016,Visat T Junction P2 RLVD,23.0984,72.5841,2026-09-03 10:46:07.880840,Car,Unknown,Vehicle,UNREADABLE-CAM-016-48241,48.8%,White,1431.2,SHA256:6602E4D271DC1536
13329,CAM-016,Visat T Junction P2 RLVD,23.0984,72.5841,2026-09-03 10:47:08.898584,Scooter,Unknown,Vehicle,UNREADABLE-CAM-016-78253,38.8%,Blue,22.3,SHA256:84EA46DEB34497CC
13330,CAM-016,Visat T Junction P2 RLVD,23.0984,72.5841,2026-09-03 10:47:08.901361,Scooter,Unknown,Vehicle,UNREADABLE-CAM-016-78832,44.3%,Blue,119.2,SHA256:36F998E305A5C586
13331,CAM-016,Visat T Junction P2 RLVD,23.0984,72.5841,2026-09-03 10:47:08.902947,Car,Unknown,Vehicle,UNREADABLE-CAM-016-60414,48.9%,White,1362.3,SHA256:CB16E92A793D71DD
13363,CAM-016,Visat T Junction P2 RLVD,23.0984,72.5841,2026-09-03 10:48:09.185703,Scooter,Unknown,Vehicle,UNREADABLE-CAM-016-79086,41.3%,Blue,19.9,SHA256:A61B075687B4AED2
13364,CAM-016,Visat T Junction P2 RLVD,23.0984,72.5841,2026-09-03 10:48:09.188484,Scooter,Unknown,Vehicle,UNREADABLE-CAM-016-90806,46.2%,Blue,113.9,SHA256:785E256FD09B3BD9
13365,CAM-016,Visat T Junction P2 RLVD,23.0984,72.5841,2026-09-03 10:48:09.190013,Car,Unknown,Vehicle,UNREADABLE-CAM-016-12314,48.5%,White,1288.8,SHA256:EE7525CA8A770513
13366,CAM-016,Visat T Junction P2 RLVD,23.0984,72.5841,2026-09-03 10:48:09.191108,Car,Unknown,Vehicle,UNREADABLE-CAM-016-62389,45.3%,White,1724.6,SHA256:116542190DDC3701
13400,CAM-016,Visat T Junction P2 RLVD,23.0984,72.5841,2026-09-03 10:49:09.665663,Scooter,Unknown,Vehicle,UNREADABLE-CAM-016-20269,40.2%,Blue,25.8,SHA256:58F07A63489E1C96
13401,CAM-016,Visat T Junction P2 RLVD,23.0984,72.5841,2026-09-03 10:49:09.668800,Scooter,Unknown,Vehicle,UNREADABLE-CAM-016-90799,45.7%,Blue,121.3,SHA256:48AB805A78136949
13402,CAM-016,Visat T Junction P2 RLVD,23.0984,72.5841,2026-09-03 10:49:09.670416,Car,Unknown,Vehicle,UNREADABLE-CAM-016-83879,51.8%,White,1289.3,SHA256:2E4A1BE961E11F4D
13403,CAM-016,Visat T Junction P2 RLVD,23.0984,72.5841,2026-09-03 10:49:09.671722,Scooter,Unknown,Vehicle,UNREADABLE-CAM-016-50881,45.4%,White,378.3,SHA256:26E259AE24C11AC3
13439,CAM-016,Visat T Junction P2 RLVD,23.0984,72.5841,2026-09-03 10:50:10.510171,Scooter,Unknown,Vehicle,UNREADABLE-CAM-016-78460,41.6%,Blue,27.6,SHA256:C2D3F29F53A689CA
13440,CAM-016,Visat T Junction P2 RLVD,23.0984,72.5841,2026-09-03 10:50:10.513274,Scooter,Unknown,Vehicle,UNREADABLE-CAM-016-24304,47.4%,Blue,127.8,SHA256:E565F24D0F9BD81F
13441,CAM-016,Visat T Junction P2 RLVD,23.0984,72.5841,2026-09-03 10:50:10.514920,Car,Unknown,Vehicle,UNREADABLE-CAM-016-26561,51.1%,White,1449.7,SHA256:2810E8176BA90999
13442,CAM-016,Visat T Junction P2 RLVD,23.0984,72.5841,2026-09-03 10:50:10.516042,Scooter,Unknown,Vehicle,UNREADABLE-CAM-016-50925,43.1%,White,638.7,SHA256:7EC4116B6309E525
13472,CAM-016,Visat T Junction P2 RLVD,23.0984,72.5841,2026-09-03 10:51:11.131058,Scooter,Unknown,Vehicle,UNREADABLE-CAM-016-40827,40.9%,Blue,24.8,SHA256:9AD5952D816A67A8
13473,CAM-016,Visat T Junction P2 RLVD,23.0984,72.5841,2026-09-03 10:51:11.134404,Scooter,Unknown,Vehicle,UNREADABLE-CAM-016-76106,45.6%,Blue,129.2,SHA256:02D5FE8A3E0B775B
13474,CAM-016,Visat T Junction P2 RLVD,23.0984,72.5841,2026-09-03 10:51:11.136046,Car,Unknown,Vehicle,UNREADABLE-CAM-016-43876,52.5%,White,1687.9,SHA256:9F2102AA22CAB8DF
13502,CAM-016,Visat T Junction P2 RLVD,23.0984,72.5841,2026-09-03 10:52:11.588869,Scooter,Unknown,Vehicle,UNREADABLE-CAM-016-44329,37.8%,Blue,25.5,SHA256:E734B255E33BA9F5
13503,CAM-016,Visat T Junction P2 RLVD,23.0984,72.5841,2026-09-03 10:52:11.591551,Scooter,Unknown,Vehicle,UNREADABLE-CAM-016-29578,44.9%,Blue,129.9,SHA256:E077B4E52BF249B0
13504,CAM-016,Visat T Junction P2 RLVD,23.0984,72.5841,2026-09-03 10:52:11.593044,Car,Unknown,Vehicle,UNREADABLE-CAM-016-62284,51.6%,White,1357.4,SHA256:937230CEDC60E627
13534,CAM-016,Visat T Junction P2 RLVD,23.0984,72.5841,2026-09-03 10:53:11.902713,Scooter,Unknown,Vehicle,UNREADABLE-CAM-016-71543,41.9%,Blue,25.3,SHA256:7806D6B2C128EE8C
13535,CAM-016,Visat T Junction P2 RLVD,23.0984,72.5841,2026-09-03 10:53:11.906322,Scooter,Unknown,Vehicle,UNREADABLE-CAM-016-41875,46.0%,Blue,130.4,SHA256:8360011B925A0340
13536,CAM-016,Visat T Junction P2 RLVD,23.0984,72.5841,2026-09-03 10:53:11.908312,Car,Unknown,Vehicle,UNREADABLE-CAM-016-20626,50.3%,White,1319.7,SHA256:8ABB14D41E782CF9
13560,CAM-016,Visat T Junction P2 RLVD,23.0984,72.5841,2026-09-03 10:54:11.143275,Scooter,Unknown,Vehicle,UNREADABLE-CAM-016-15772,35.9%,Blue,50.4,SHA256:46DB34F20E8330AE
13579,CAM-016,Visat T Junction P2 RLVD,23.0984,72.5841,2026-09-03 10:55:11.194795,Scooter,Unknown,Vehicle,UNREADABLE-CAM-016-31497,41.4%,Blue,711.1,SHA256:A378C85D8EC15AC4
13614,CAM-016,Visat T Junction P2 RLVD,23.0984,72.5841,2026-09-03 10:56:11.115013,Scooter,Unknown,Vehicle,UNREADABLE-CAM-016-39208,43.5%,Blue,710.0,SHA256:0CF8FE527CB4C8A1
13655,CAM-016,Visat T Junction P2 RLVD,23.0984,72.5841,2026-09-03 10:57:14.142349,Scooter,Unknown,Vehicle,UNREADABLE-CAM-016-46019,43.8%,Blue,317.8,SHA256:1B70E97690E52889
13704,CAM-016,Visat T Junction P2 RLVD,23.0984,72.5841,2026-09-03 10:58:18.462618,Scooter,Unknown,Vehicle,UNREADABLE-CAM-016-15496,47.1%,Blue,142.2,SHA256:6FD1B56C910C1B39
13727,CAM-016,Visat T Junction P2 RLVD,23.0984,72.5841,2026-09-03 10:59:17.195734,Scooter,Unknown,Vehicle,UNREADABLE-CAM-016-92615,45.4%,Blue,455.7,SHA256:15981DEE523D9B12
13755,CAM-016,Visat T Junction P2 RLVD,23.0984,72.5841,2026-09-03 11:00:16.663949,Scooter,Unknown,Vehicle,UNREADABLE-CAM-016-63148,44.7%,Blue,769.0,SHA256:B0691AC614D2AF45
13756,CAM-016,Visat T Junction P2 RLVD,23.0984,72.5841,2026-09-03 11:00:16.669381,Car,Unknown,Vehicle,UNREADABLE-CAM-016-61425,39.6%,Green,286.8,SHA256:A2B6B20DD39ADF9C
13785,CAM-016,Visat T Junction P2 RLVD,23.0984,72.5841,2026-09-03 11:01:18.108254,Scooter,Unknown,Vehicle,UNREADABLE-CAM-016-92176,45.3%,Blue,2278.7,SHA256:9254D355AECAC2EB
13786,CAM-016,Visat T Junction P2 RLVD,23.0984,72.5841,2026-09-03 11:01:18.111953,Car,Unknown,Vehicle,UNREADABLE-CAM-016-54692,40.6%,Green,545.3,SHA256:2A8D662AD5A0DD97
13836,CAM-016,Visat T Junction P2 RLVD,23.0984,72.5841,2026-09-03 12:15:10.945816,Scooter,Unknown,Vehicle,UNREADABLE-CAM-016-84182,48.1%,Green,1576.2,SHA256:EC35AFF9D38D16F2
13837,CAM-016,Visat T Junction P2 RLVD,23.0984,72.5841,2026-09-03 12:15:10.950016,Scooter,Unknown,Vehicle,UNREADABLE-CAM-016-47643,54.2%,Silver/Grey,264.8,SHA256:717221CF7EFABAB3
13838,CAM-016,Visat T Junction P2 RLVD,23.0984,72.5841,2026-09-03 12:15:10.952459,Car,Unknown,Vehicle,UNREADABLE-CAM-016-84701,40.1%,White,30.9,SHA256:C836C09FCCF9754F
13839,CAM-016,Visat T Junction P2 RLVD,23.0984,72.5841,2026-09-03 12:15:10.954216,Car,Unknown,Vehicle,UNREADABLE-CAM-016-75190,53.1%,Blue,1204.0,SHA256:DCD034A64EF35B85
13840,CAM-016,Visat T Junction P2 RLVD,23.0984,72.5841,2026-09-03 12:15:10.955983,Car,Unknown,Vehicle,UNREADABLE-CAM-016-57705,51.5%,Blue,795.7,SHA256:A48F7B67D20D8D02
13841,CAM-016,Visat T Junction P2 RLVD,23.0984,72.5841,2026-09-03 12:15:10.957542,Car,Unknown,Vehicle,UNREADABLE-CAM-016-61631,41.4%,Green,510.0,SHA256:D54E2472A2428376
13842,CAM-016,Visat T Junction P2 RLVD,23.0984,72.5841,2026-09-03 12:15:10.962082,Car,Unknown,Vehicle,UNREADABLE-CAM-016-17902,42.6%,Silver/Grey,129.9,SHA256:69FC994EE2843A37
13843,CAM-016,Visat T Junction P2 RLVD,23.0984,72.5841,2026-09-03 12:15:10.963591,Car,Unknown,Vehicle,UNREADABLE-CAM-016-91936,46.9%,Blue,906.7,SHA256:ADD4AA1936656DFC
13923,CAM-016,Visat T Junction P2 RLVD,23.0984,72.5841,2026-09-03 12:16:28.244647,Scooter,Unknown,Vehicle,UNREADABLE-CAM-016-44581,44.6%,Blue,2712.3,SHA256:C6410948EEFF6551
13924,CAM-016,Visat T Junction P2 RLVD,23.0984,72.5841,2026-09-03 12:16:28.249218,Scooter,Unknown,Vehicle,UNREADABLE-CAM-016-40347,51.9%,Silver/Grey,255.5,SHA256:CE3B362E77AF180D
13925,CAM-016,Visat T Junction P2 RLVD,23.0984,72.5841,2026-09-03 12:16:28.251400,Car,Unknown,Vehicle,UNREADABLE-CAM-016-36544,54.9%,Blue,1175.8,SHA256:094CF7ED93DF6ACA
13926,CAM-016,Visat T Junction P2 RLVD,23.0984,72.5841,2026-09-03 12:16:28.253080,Ambulance,Unknown,Vehicle,UNREADABLE-CAM-016-10624,40.4%,White,45.0,SHA256:4CC805B9D84328BD
13927,CAM-016,Visat T Junction P2 RLVD,23.0984,72.5841,2026-09-03 12:16:28.254843,Car,Unknown,Vehicle,UNREADABLE-CAM-016-96736,51.8%,Blue,462.3,SHA256:1022C56FA7FAA026
13928,CAM-016,Visat T Junction P2 RLVD,23.0984,72.5841,2026-09-03 12:16:28.256176,Car,Unknown,Vehicle,UNREADABLE-CAM-016-43378,43.1%,Green,124.7,SHA256:C74F24D138D09363
13929,CAM-016,Visat T Junction P2 RLVD,23.0984,72.5841,2026-09-03 12:16:28.260965,Car,Unknown,Vehicle,UNREADABLE-CAM-016-75820,47.7%,Blue,728.4,SHA256:6171295171697B16
13930,CAM-016,Visat T Junction P2 RLVD,23.0984,72.5841,2026-09-03 12:16:28.262629,Car,Unknown,Vehicle,UNREADABLE-CAM-016-98328,43.8%,Silver/Grey,2065.2,SHA256:F25B567B9248DF98
14011,CAM-016,Visat T Junction P2 RLVD,23.0984,72.5841,2026-09-03 12:17:57.689292,Scooter,Unknown,Vehicle,UNREADABLE-CAM-016-34669,50.1%,Blue,1568.4,SHA256:5F8043286BF295F1
14012,CAM-016,Visat T Junction P2 RLVD,23.0984,72.5841,2026-09-03 12:17:57.693417,Ambulance,Unknown,Vehicle,UNREADABLE-CAM-016-36653,44.1%,White,64.7,SHA256:FDF5A525D745AF1E
14013,CAM-016,Visat T Junction P2 RLVD,23.0984,72.5841,2026-09-03 12:17:57.695285,Scooter,Unknown,Vehicle,UNREADABLE-CAM-016-31801,51.3%,Silver/Grey,236.6,SHA256:3655260B946F6579
14014,CAM-016,Visat T Junction P2 RLVD,23.0984,72.5841,2026-09-03 12:17:57.697694,Car,Unknown,Vehicle,UNREADABLE-CAM-016-34175,51.6%,Blue,1090.4,SHA256:86D9B32FE271AB25
14015,CAM-016,Visat T Junction P2 RLVD,23.0984,72.5841,2026-09-03 12:17:57.699235,Car,Unknown,Vehicle,UNREADABLE-CAM-016-63553,43.4%,Green,112.9,SHA256:38A06E5B3AF2BCCA
14016,CAM-016,Visat T Junction P2 RLVD,23.0984,72.5841,2026-09-03 12:17:57.704084,Car,Unknown,Vehicle,UNREADABLE-CAM-016-84493,50.8%,Blue,507.2,SHA256:F39AE913E732D6EA
14017,CAM-016,Visat T Junction P2 RLVD,23.0984,72.5841,2026-09-03 12:17:57.705845,Car,Unknown,Vehicle,UNREADABLE-CAM-016-49508,50.5%,Blue,707.3,SHA256:201A6F653E6726DA
14104,CAM-016,Visat T Junction P2 RLVD,23.0984,72.5841,2026-09-03 12:19:23.879474,Scooter,Unknown,Vehicle,UNREADABLE-CAM-016-56923,56.2%,Blue,1298.9,SHA256:249CF5CA51AC2752
14105,CAM-016,Visat T Junction P2 RLVD,23.0984,72.5841,2026-09-03 12:19:23.885073,Scooter,Unknown,Vehicle,UNREADABLE-CAM-016-64044,54.4%,Silver/Grey,254.2,SHA256:983B74D32E78F738
14106,CAM-016,Visat T Junction P2 RLVD,23.0984,72.5841,2026-09-03 12:19:23.887136,Ambulance,Unknown,Vehicle,UNREADABLE-CAM-016-37237,46.8%,White,160.5,SHA256:4B594D761052DDF8
14107,CAM-016,Visat T Junction P2 RLVD,23.0984,72.5841,2026-09-03 12:19:23.889064,Car,Unknown,Vehicle,UNREADABLE-CAM-016-65728,49.9%,Blue,278.3,SHA256:538E6A060672BD94
14108,CAM-016,Visat T Junction P2 RLVD,23.0984,72.5841,2026-09-03 12:19:23.890929,Car,Unknown,Vehicle,UNREADABLE-CAM-016-10415,51.5%,Blue,605.5,SHA256:064E61116EB081CA
14109,CAM-016,Visat T Junction P2 RLVD,23.0984,72.5841,2026-09-03 12:19:23.892425,Car,Unknown,Vehicle,UNREADABLE-CAM-016-21760,43.4%,Green,113.0,SHA256:738E9913969F57FD
14110,CAM-016,Visat T Junction P2 RLVD,23.0984,72.5841,2026-09-03 12:19:23.896942,Car,Unknown,Vehicle,UNREADABLE-CAM-016-63575,48.6%,Blue,861.5,SHA256:F3D78ECB30C7705F
14111,CAM-016,Visat T Junction P2 RLVD,23.0984,72.5841,2026-09-03 12:19:23.898287,Car,Unknown,Vehicle,UNREADABLE-CAM-016-96493,48.9%,Blue,493.9,SHA256:84CD36BA9B2FFE5B
14112,CAM-016,Visat T Junction P2 RLVD,23.0984,72.5841,2026-09-03 12:19:23.899640,Car,Unknown,Vehicle,UNREADABLE-CAM-016-36910,47.3%,Silver/Grey,1704.4,SHA256:AE16AB67222A1AB9
14113,CAM-016,Visat T Junction P2 RLVD,23.0984,72.5841,2026-09-03 12:19:23.900886,Van,Unknown,Vehicle,UNREADABLE-CAM-016-64814,44.0%,White,208.9,SHA256:AA27A77A51D9DC78
14213,CAM-016,Visat T Junction P2 RLVD,23.0984,72.5841,2026-09-03 12:20:50.249522,Scooter,Unknown,Vehicle,UNREADABLE-CAM-016-46966,45.1%,Blue,3891.2,SHA256:799F4F00A4869D4D
14214,CAM-016,Visat T Junction P2 RLVD,23.0984,72.5841,2026-09-03 12:20:50.254104,Ambulance,Unknown,Vehicle,UNREADABLE-CAM-016-19246,54.2%,White,281.1,SHA256:4CB45B4151291E79
14215,CAM-016,Visat T Junction P2 RLVD,23.0984,72.5841,2026-09-03 12:20:50.255858,Scooter,Unknown,Vehicle,UNREADABLE-CAM-016-42898,53.9%,Silver/Grey,249.0,SHA256:8B130A163999AEF6
14216,CAM-016,Visat T Junction P2 RLVD,23.0984,72.5841,2026-09-03 12:20:50.258208,Car,Unknown,Vehicle,UNREADABLE-CAM-016-26236,27.4%,Green,6.4,SHA256:A4535E092A1B0597
14217,CAM-016,Visat T Junction P2 RLVD,23.0984,72.5841,2026-09-03 12:20:50.263130,Car,Unknown,Vehicle,UNREADABLE-CAM-016-96875,51.0%,Blue,658.4,SHA256:39EF6333A6B6B548
14218,CAM-016,Visat T Junction P2 RLVD,23.0984,72.5841,2026-09-03 12:20:50.264644,Car,Unknown,Vehicle,UNREADABLE-CAM-016-98474,49.7%,Blue,708.4,SHA256:85920609F6A13339
14219,CAM-016,Visat T Junction P2 RLVD,23.0984,72.5841,2026-09-03 12:20:50.266443,Car,Unknown,Vehicle,UNREADABLE-CAM-016-88414,48.5%,Silver/Grey,1259.2,SHA256:59E541D39CAFA62E
14220,CAM-016,Visat T Junction P2 RLVD,23.0984,72.5841,2026-09-03 12:20:50.267798,Car,Unknown,Vehicle,UNREADABLE-CAM-016-32603,49.1%,Blue,1308.3,SHA256:10A295169CB58D02
14311,CAM-016,Visat T Junction P2 RLVD,23.0984,72.5841,2026-09-03 12:22:20.210133,Scooter,Unknown,Vehicle,UNREADABLE-CAM-016-50488,45.0%,Blue,2326.6,SHA256:FA84DA954E65EA04
14312,CAM-016,Visat T Junction P2 RLVD,23.0984,72.5841,2026-09-03 12:22:20.214591,Scooter,Unknown,Vehicle,UNREADABLE-CAM-016-74129,52.5%,Silver/Grey,253.2,SHA256:8B214FCFFE234A5D
14313,CAM-016,Visat T Junction P2 RLVD,23.0984,72.5841,2026-09-03 12:22:20.216779,Ambulance,Unknown,Vehicle,UNREADABLE-CAM-016-27046,52.9%,White,327.9,SHA256:CD293DD48D9B851F
14314,CAM-016,Visat T Junction P2 RLVD,23.0984,72.5841,2026-09-03 12:22:20.218294,Car,Unknown,Vehicle,UNREADABLE-CAM-016-89986,51.1%,Blue,686.3,SHA256:2F7C0B1EE1380CAD
14315,CAM-016,Visat T Junction P2 RLVD,23.0984,72.5841,2026-09-03 12:22:20.220234,Car,Unknown,Vehicle,UNREADABLE-CAM-016-45453,44.9%,Green,111.1,SHA256:B13CDE9A884DEE4F
14316,CAM-016,Visat T Junction P2 RLVD,23.0984,72.5841,2026-09-03 12:22:20.224893,Car,Unknown,Vehicle,UNREADABLE-CAM-016-84653,49.2%,Blue,760.6,SHA256:B9455A5C325C2A43
14317,CAM-016,Visat T Junction P2 RLVD,23.0984,72.5841,2026-09-03 12:22:20.226418,Car,Unknown,Vehicle,UNREADABLE-CAM-016-45400,43.1%,Silver/Grey,137.0,SHA256:3DB0CA8BD6FFA560
14318,CAM-016,Visat T Junction P2 RLVD,23.0984,72.5841,2026-09-03 12:22:20.228085,Car,Unknown,Vehicle,UNREADABLE-CAM-016-16445,47.5%,Silver/Grey,1559.5,SHA256:60E99F64B1929238
14319,CAM-016,Visat T Junction P2 RLVD,23.0984,72.5841,2026-09-03 12:22:20.229483,Ambulance,Unknown,Vehicle,UNREADABLE-CAM-016-27199,37.7%,Silver/Grey,84.4,SHA256:26829A640F1BA61A
14320,CAM-016,Visat T Junction P2 RLVD,23.0984,72.5841,2026-09-03 12:22:20.230780,Car,Unknown,Vehicle,UNREADABLE-CAM-016-93544,49.1%,Blue,1345.2,SHA256:98B27F7FEA7EC659
14321,CAM-016,Visat T Junction P2 RLVD,23.0984,72.5841,2026-09-03 12:22:20.232046,Ambulance,Unknown,Vehicle,UNREADABLE-CAM-016-60706,43.1%,Silver/Grey,161.0,SHA256:03CB44ACBD2D0220
14444,CAM-016,Visat T Junction P2 RLVD,23.0984,72.5841,2026-09-03 12:23:43.979926,Scooter,Unknown,Vehicle,UNREADABLE-CAM-016-84738,46.7%,Blue,3057.7,SHA256:374CCD8F8DE0AF53
14445,CAM-016,Visat T Junction P2 RLVD,23.0984,72.5841,2026-09-03 12:23:43.984609,Scooter,Unknown,Vehicle,UNREADABLE-CAM-016-22283,52.3%,Silver/Grey,263.5,SHA256:6FED54C4BCD61CF5
14446,CAM-016,Visat T Junction P2 RLVD,23.0984,72.5841,2026-09-03 12:23:43.986859,Car,Unknown,Vehicle,UNREADABLE-CAM-016-32869,49.7%,Blue,225.6,SHA256:224FDF256363A81F
14447,CAM-016,Visat T Junction P2 RLVD,23.0984,72.5841,2026-09-03 12:23:43.988913,Car,Unknown,Vehicle,UNREADABLE-CAM-016-15105,50.0%,Blue,963.5,SHA256:DFE93DC312D5F7A7
14448,CAM-016,Visat T Junction P2 RLVD,23.0984,72.5841,2026-09-03 12:23:43.990311,Car,Unknown,Vehicle,UNREADABLE-CAM-016-11029,41.8%,Green,438.0,SHA256:A7D216040B06F7B5
14449,CAM-016,Visat T Junction P2 RLVD,23.0984,72.5841,2026-09-03 12:23:43.994755,Ambulance,Unknown,Vehicle,UNREADABLE-CAM-016-19576,37.6%,Silver/Grey,58.4,SHA256:3DEF94B1655E0ACD
14450,CAM-016,Visat T Junction P2 RLVD,23.0984,72.5841,2026-09-03 12:23:43.996144,Car,Unknown,Vehicle,UNREADABLE-CAM-016-87191,39.0%,Silver/Grey,104.4,SHA256:3125A63B450D747E
14451,CAM-016,Visat T Junction P2 RLVD,23.0984,72.5841,2026-09-03 12:23:43.997697,Car,Unknown,Vehicle,UNREADABLE-CAM-016-14517,47.2%,White,335.7,SHA256:A9303FA6076A0509
14452,CAM-016,Visat T Junction P2 RLVD,23.0984,72.5841,2026-09-03 12:23:43.999255,Ambulance,Unknown,Vehicle,UNREADABLE-CAM-016-97940,46.3%,White,321.9,SHA256:369C1591E4F76047
14560,CAM-016,Visat T Junction P2 RLVD,23.0984,72.5841,2026-09-03 12:25:07.041517,Scooter,Unknown,Vehicle,UNREADABLE-CAM-016-53281,45.3%,Blue,3125.2,SHA256:A68BEA7E61EA061E
14561,CAM-016,Visat T Junction P2 RLVD,23.0984,72.5841,2026-09-03 12:25:07.046596,Scooter,Unknown,Vehicle,UNREADABLE-CAM-016-54088,52.8%,Silver/Grey,266.3,SHA256:CD70CF2F1F237977
14562,CAM-016,Visat T Junction P2 RLVD,23.0984,72.5841,2026-09-03 12:25:07.049414,Car,Unknown,Vehicle,UNREADABLE-CAM-016-80476,46.1%,Green,119.6,SHA256:94440C2AEFE32C73
14563,CAM-016,Visat T Junction P2 RLVD,23.0984,72.5841,2026-09-03 12:25:07.055307,Car,Unknown,Vehicle,UNREADABLE-CAM-016-56548,50.9%,Blue,413.4,SHA256:CFD7C5B45BFDB785
14564,CAM-016,Visat T Junction P2 RLVD,23.0984,72.5841,2026-09-03 12:25:07.057210,Car,Unknown,Vehicle,UNREADABLE-CAM-016-48029,51.3%,Blue,586.1,SHA256:EC23C330577A7AEB
14565,CAM-016,Visat T Junction P2 RLVD,23.0984,72.5841,2026-09-03 12:25:07.059042,Car,Unknown,Vehicle,UNREADABLE-CAM-016-14871,44.4%,Silver/Grey,173.8,SHA256:B115DDA3A60498CE
14566,CAM-016,Visat T Junction P2 RLVD,23.0984,72.5841,2026-09-03 12:25:07.060482,Car,Unknown,Vehicle,UNREADABLE-CAM-016-96079,48.4%,White,444.1,SHA256:BEE7F5CF24AD8F6B
